rssd_id,bank_name,search_term
852218,"JPMORGAN CHASE BANK, NATIONAL ASSOCIATION",Jpmorgan Chase Bank
451965,"WELLS FARGO BANK, NATIONAL ASSOCIATION",Wells Fargo Bank
480228,"BANK OF AMERICA, NATIONAL ASSOCIATION",Bank Of America
2182786,GOLDMAN SACHS BANK USA,Goldman Sachs Bank Usa
476810,"CITIBANK, N.A.",Citibank
1456501,"MORGAN STANLEY BANK, N.A.",Morgan Stanley Bank
817824,"PNC BANK, NATIONAL ASSOCIATION",Pnc Bank
504713,U.S. BANK NATIONAL ASSOCIATION,U.S. Bank
852320,TRUIST BANK,Truist Bank
112837,"CAPITAL ONE, NATIONAL ASSOCIATION",Capital One
491224,FIRST-CITIZENS BANK & TRUST COMPANY,First-Citizens Bank & Trust Company
35301,STATE STREET BANK AND TRUST COMPANY,State Street Bank And Trust Company
280110,KEYBANK NATIONAL ASSOCIATION,Keybank
75633,BMO BANK NATIONAL ASSOCIATION,Bmo Bank
3303298,"CITIZENS BANK, NATIONAL ASSOCIATION",Citizens Bank
2735146,"EVERBANK, NATIONAL ASSOCIATION",Everbank
3138146,WESTERN ALLIANCE BANK,Western Alliance Bank
12311,"HUNTINGTON NATIONAL BANK, THE",Huntington National Bank
501105,MANUFACTURERS AND TRADERS TRUST COMPANY,M&T Bank
233031,REGIONS BANK,Regions Bank
723112,"FIFTH THIRD BANK, NATIONAL ASSOCIATION",Fifth Third Bank
497404,"TD BANK, NATIONAL ASSOCIATION",Td Bank
2618780,TEXAS CAPITAL BANK,Texas Capital Bank
2917317,AXOS BANK,Axos Bank
413208,"HSBC BANK USA, NATIONAL ASSOCIATION",Hsbc Bank Usa
485559,FIRST HORIZON BANK,First Horizon Bank
63069,CITY NATIONAL BANK,City National Bank
1842065,CIBC BANK USA,Cibc Bank Usa
541101,"BANK OF NEW YORK MELLON, THE",Bank Of New York Mellon
963945,MERCHANTS BANK OF INDIANA,Merchants Bank Of Indiana
761806,"WEBSTER BANK, NATIONAL ASSOCIATION",Webster Bank
197478,EAST WEST BANK,East West Bank
3212149,"UBS BANK USA, NATIONAL ASSOCIATION",Ubs Bank Usa
2354985,CUSTOMERS BANK,Customers Bank
2489805,"MORGAN STANLEY PRIVATE BANK, NATIONAL ASSOCIATION",Morgan Stanley Private Bank
395238,SYNOVUS BANK,Synovus Bank
3284070,ALLY BANK,Ally Bank
494261,BANC OF CALIFORNIA,Banc Of California
210434,"NORTHERN TRUST COMPANY, THE",Northern Trust Company
2193616,RAYMOND JAMES BANK,Raymond James Bank
2737980,NORTHPOINTE BANK,Northpointe Bank
249612,APPLE BANK,Apple Bank
107244,BANK OZK,Bank Ozk
2925666,PINNACLE BANK,Pinnacle Bank
917742,"ASSOCIATED BANK, NATIONAL ASSOCIATION",Associated Bank
60143,COMERICA BANK,Comerica Bank
694904,"FLAGSTAR BANK, NATIONAL ASSOCIATION",Flagstar Bank
3221468,VERITEX COMMUNITY BANK,Veritex Community Bank
3938186,"BANKUNITED, NATIONAL ASSOCIATION",Bankunited
276579,"ZIONS BANCORPORATION, NATIONAL ASSOCIATION",Zions Bancorporation
652874,NEXBANK,Nexbank
936855,"UMB BANK, NATIONAL ASSOCIATION",Umb Bank
3187630,FORBRIGHT BANK,Forbright Bank
3076220,STIFEL BANK,Stifel Bank
664756,PROSPERITY BANK,Prosperity Bank
783648,CENTIER BANK,Centier Bank
1394676,AMERICAN EXPRESS NATIONAL BANK,American Express National Bank
722777,"SANTANDER BANK, NATIONAL ASSOCIATION",Santander Bank
3783313,CROSS RIVER BANK,Cross River Bank
814430,CITY NATIONAL BANK OF FLORIDA,City National Bank Of Florida
764030,AMERIS BANK,Ameris Bank
229913,MIZUHO BANK (USA),Mizuho Bank (Usa)
766164,"TBK BANK, SSB","Tbk Bank, Ssb"
3475083,TRISTATE CAPITAL BANK,Tristate Capital Bank
229801,VALLEY NATIONAL BANK,Valley National Bank
3076248,STIFEL BANK AND TRUST,Stifel Bank And Trust
3650808,LIVE OAK BANKING COMPANY,Live Oak Banking Company
682563,FROST BANK,Frost Bank
468806,NORTHEAST BANK,Northeast Bank
667757,ORIGIN BANK,Origin Bank
1929247,"SOUTHSTATE BANK, N.A.",Southstate Bank
606046,CADENCE BANK,Cadence Bank
3637685,FIRST FOUNDATION BANK,First Foundation Bank
671464,BANK OF HOPE,Bank Of Hope
316840,REPUBLIC BANK & TRUST COMPANY,Republic Bank & Trust Company
339858,"BOKF, NATIONAL ASSOCIATION",Bokf
663245,SIMMONS BANK,Simmons Bank
2119773,"HINSDALE BANK & TRUST COMPANY, NATIONAL ASSOCIATION",Hinsdale Bank & Trust Company
143662,COLUMBIA BANK,Columbia Bank
934329,"BNY MELLON, NATIONAL ASSOCIATION",Bny Mellon
412751,WOODFOREST NATIONAL BANK,Woodforest National Bank
137915,EMIGRANT BANK,Emigrant Bank
128904,EASTERN BANK,Eastern Bank
23504,DIME COMMUNITY BANK,Dime Community Bank
1190476,ENTERPRISE BANK & TRUST,Enterprise Bank & Trust
379920,FIRST NATIONAL BANK OF PENNSYLVANIA,First National Bank Of Pennsylvania
662369,BANK OF THE SIERRA,Bank Of The Sierra
165628,FIRST FINANCIAL BANK,First Financial Bank
637451,PLAINSCAPITAL BANK,Plainscapital Bank
463735,HANCOCK WHITNEY BANK,Hancock Whitney Bank
320119,ISRAEL DISCOUNT BANK OF NEW YORK,Israel Discount Bank Of New York
437914,"WILMINGTON SAVINGS FUND SOCIETY, FSB","Wilmington Savings Fund Society, Fsb"
3150447,"CHARLES SCHWAB BANK, SSB","Charles Schwab Bank, Ssb"
3325759,PRIMIS BANK,Primis Bank
929352,BELL BANK,Bell Bank
940311,BANCO POPULAR DE PUERTO RICO,Banco Popular De Puerto Rico
474759,"SUNFLOWER BANK, NATIONAL ASSOCIATION",Sunflower Bank
2239288,"WINTRUST BANK, NATIONAL ASSOCIATION",Wintrust Bank
365325,UNITED BANK,United Bank
