rssd_id,ndfi_loans_total,ndfi_loans_total_usd,bank_name
852218,195774000.0,195774000000.0,"JPMORGAN CHASE BANK, NATIONAL ASSOCIATION"
451965,186720000.0,186720000000.0,"WELLS FARGO BANK, NATIONAL ASSOCIATION"
480228,151170000.0,151170000000.0,"BANK OF AMERICA, NATIONAL ASSOCIATION"
2182786,117409000.0,117409000000.0,GOLDMAN SACHS BANK USA
476810,77611000.0,77611000000.0,"CITIBANK, N.A."
1456501,75824000.0,75824000000.0,"MORGAN STANLEY BANK, N.A."
817824,65090363.0,65090363000.0,"PNC BANK, NATIONAL ASSOCIATION"
504713,49886812.0,49886812000.0,U.S. BANK NATIONAL ASSOCIATION
852320,38091000.0,38091000000.0,TRUIST BANK
491224,37593000.0,37593000000.0,FIRST-CITIZENS BANK & TRUST COMPANY
112837,36841667.0,36841667000.0,"CAPITAL ONE, NATIONAL ASSOCIATION"
35301,27101000.0,27101000000.0,STATE STREET BANK AND TRUST COMPANY
3303298,18674999.0,18674999000.0,"CITIZENS BANK, NATIONAL ASSOCIATION"
75633,18553296.0,18553296000.0,BMO BANK NATIONAL ASSOCIATION
280110,18391249.0,18391249000.0,KEYBANK NATIONAL ASSOCIATION
12311,15320689.0,15320689000.0,"HUNTINGTON NATIONAL BANK, THE"
2735146,15052876.0,15052876000.0,"EVERBANK, NATIONAL ASSOCIATION"
3138146,14671792.0,14671792000.0,WESTERN ALLIANCE BANK
501105,12478028.0,12478028000.0,MANUFACTURERS AND TRADERS TRUST COMPANY
233031,11912000.0,11912000000.0,REGIONS BANK
723112,9551000.0,9551000000.0,"FIFTH THIRD BANK, NATIONAL ASSOCIATION"
2917317,9419188.0,9419188000.0,AXOS BANK
497404,9371547.0,9371547000.0,"TD BANK, NATIONAL ASSOCIATION"
2618780,9255038.0,9255038000.0,TEXAS CAPITAL BANK
63069,8799396.0,8799396000.0,CITY NATIONAL BANK
485559,8568247.0,8568247000.0,FIRST HORIZON BANK
1842065,8205612.0,8205612000.0,CIBC BANK USA
413208,8079255.0,8079255000.0,"HSBC BANK USA, NATIONAL ASSOCIATION"
541101,7160000.0,7160000000.0,"BANK OF NEW YORK MELLON, THE"
761806,7077451.0,7077451000.0,"WEBSTER BANK, NATIONAL ASSOCIATION"
963945,6573404.0,6573404000.0,MERCHANTS BANK OF INDIANA
197478,6246257.0,6246257000.0,EAST WEST BANK
2489805,5796000.0,5796000000.0,"MORGAN STANLEY PRIVATE BANK, NATIONAL ASSOCIATION"
3212149,5617037.0,5617037000.0,UBS BANK USA
2354985,5586855.0,5586855000.0,CUSTOMERS BANK
395238,5213229.0,5213229000.0,SYNOVUS BANK
3284070,5141000.0,5141000000.0,ALLY BANK
494261,5122046.0,5122046000.0,BANC OF CALIFORNIA
2193616,3975253.0,3975253000.0,RAYMOND JAMES BANK
210434,3775022.0,3775022000.0,"NORTHERN TRUST COMPANY, THE"
2737980,3424935.0,3424935000.0,NORTHPOINTE BANK
3076220,3358468.0,3358468000.0,STIFEL BANK
249612,3076938.0,3076938000.0,APPLE BANK
60143,2797000.0,2797000000.0,COMERICA BANK
107244,2742514.0,2742514000.0,BANK OZK
917742,2729459.0,2729459000.0,"ASSOCIATED BANK, NATIONAL ASSOCIATION"
936855,2430468.0,2430468000.0,"UMB BANK, NATIONAL ASSOCIATION"
694904,2356521.0,2356521000.0,"FLAGSTAR BANK, NATIONAL ASSOCIATION"
3938186,2211631.0,2211631000.0,"BANKUNITED, NATIONAL ASSOCIATION"
276579,1997098.0,1997098000.0,"ZIONS BANCORPORATION, NATIONAL ASSOCIATION"
652874,1957949.0,1957949000.0,NEXBANK
3187630,1893292.0,1893292000.0,FORBRIGHT BANK
3076248,1671825.0,1671825000.0,STIFEL BANK AND TRUST
664756,1648468.0,1648468000.0,PROSPERITY BANK
1394676,1540337.0,1540337000.0,AMERICAN EXPRESS NATIONAL BANK
814430,1446443.0,1446443000.0,CITY NATIONAL BANK OF FLORIDA
783648,1443504.0,1443504000.0,CENTIER BANK
722777,1389016.0,1389016000.0,"SANTANDER BANK, NATIONAL ASSOCIATION"
3783313,1382372.0,1382372000.0,CROSS RIVER BANK
229801,1371794.0,1371794000.0,VALLEY NATIONAL BANK
764030,1354082.0,1354082000.0,AMERIS BANK
2925666,1347758.0,1347758000.0,PINNACLE BANK
229913,1333993.0,1333993000.0,MIZUHO BANK (USA)
766164,1156334.0,1156334000.0,"TBK BANK, SSB"
3475083,1137681.0,1137681000.0,TRISTATE CAPITAL BANK
3650808,986463.0,986463000.0,LIVE OAK BANKING COMPANY
682563,947796.0,947796000.0,FROST BANK
667757,874785.0,874785000.0,ORIGIN BANK
468806,771637.0,771637000.0,NORTHEAST BANK
1929247,760369.0,760369000.0,"SOUTHSTATE BANK, N.A."
316840,755353.0,755353000.0,REPUBLIC BANK & TRUST COMPANY
671464,714720.0,714720000.0,BANK OF HOPE
339858,689470.0,689470000.0,"BOKF, NATIONAL ASSOCIATION"
606046,682918.0,682918000.0,CADENCE BANK
934329,675000.0,675000000.0,"BNY MELLON, NATIONAL ASSOCIATION"
663245,673768.0,673768000.0,SIMMONS BANK
1190476,634416.0,634416000.0,ENTERPRISE BANK & TRUST
3637685,631607.0,631607000.0,FIRST FOUNDATION BANK
2119773,603844.0,603844000.0,"HINSDALE BANK & TRUST COMPANY, NATIONAL ASSOCIATION"
412751,581940.0,581940000.0,WOODFOREST NATIONAL BANK
23504,572750.0,572750000.0,DIME COMMUNITY BANK
128904,552756.0,552756000.0,EASTERN BANK
379920,529726.0,529726000.0,FIRST NATIONAL BANK OF PENNSYLVANIA
137915,528632.0,528632000.0,EMIGRANT BANK
662369,518333.0,518333000.0,BANK OF THE SIERRA
474759,500316.0,500316000.0,"SUNFLOWER BANK, NATIONAL ASSOCIATION"
416245,489519.0,489519000.0,BUSEY BANK
3150447,472000.0,472000000.0,"CHARLES SCHWAB BANK, SSB"
320119,471983.0,471983000.0,ISRAEL DISCOUNT BANK OF NEW YORK
463735,462970.0,462970000.0,HANCOCK WHITNEY BANK
165628,461097.0,461097000.0,FIRST FINANCIAL BANK
2239288,450560.0,450560000.0,"WINTRUST BANK, NATIONAL ASSOCIATION"
940311,446000.0,446000000.0,BANCO POPULAR DE PUERTO RICO
143662,444930.0,444930000.0,COLUMBIA BANK
637451,444518.0,444518000.0,PLAINSCAPITAL BANK
437914,415430.0,415430000.0,"WILMINGTON SAVINGS FUND SOCIETY, FSB"
3325759,405119.0,405119000.0,PRIMIS BANK
529958,398174.0,398174000.0,"TIB, NATIONAL ASSOCIATION"
929352,371198.0,371198000.0,BELL BANK
365325,361492.0,361492000.0,UNITED BANK
1917301,360799.0,360799000.0,"LAKE FOREST BANK & TRUST COMPANY, NATIONAL ASSOCIATION"
214807,359000.0,359000000.0,DEUTSCHE BANK TRUST COMPANY AMERICAS
601050,358200.0,358200000.0,COMMERCE BANK
204004,357051.0,357051000.0,PROVIDENT BANK
2938198,342751.0,342751000.0,"NORTHBROOK BANK & TRUST COMPANY, NATIONAL ASSOCIATION"
773247,335239.0,335239000.0,MIDLAND STATES BANK
85472,331684.0,331684000.0,"OCEANFIRST BANK, NATIONAL ASSOCIATION"
208244,309254.0,309254000.0,OLD NATIONAL BANK
169653,308162.0,308162000.0,FIRST BANK
3408728,295429.0,295429000.0,B1BANK
408642,282117.0,282117000.0,BANKERS' BANK
339773,280845.0,280845000.0,NEEDHAM BANK
342634,276453.0,276453000.0,TRUSTMARK BANK
489623,274133.0,274133000.0,"PARK NATIONAL BANK, THE"
693224,269530.0,269530000.0,ATLANTIC UNION BANK
3579589,257993.0,257993000.0,STELLAR BANK
17147,256212.0,256212000.0,FIRST MERCHANTS BANK
779650,251840.0,251840000.0,CHIPPEWA VALLEY BANK
749242,250100.0,250100000.0,RENASANT BANK
657365,236050.0,236050000.0,HANMI BANK
595869,227535.0,227535000.0,CATHAY BANK
2298995,223830.0,223830000.0,"VILLAGE BANK & TRUST, NATIONAL ASSOCIATION"
510871,222978.0,222978000.0,FIRSTBANK PUERTO RICO
384278,209510.0,209510000.0,FIRST FEDERAL BANK
171768,191064.0,191064000.0,"SOUTHSTAR BANK, S.S.B."
2652092,182156.0,182156000.0,EAGLEBANK
725732,181144.0,181144000.0,BRADESCO BANK
965789,180041.0,180041000.0,SUSSER BANK
428547,179852.0,179852000.0,"ST. CHARLES BANK & TRUST COMPANY, NATIONAL ASSOCIATION"
245276,176185.0,176185000.0,ORIENTAL BANK
129732,171904.0,171904000.0,BYLINE BANK
980661,170585.0,170585000.0,FIRST HAWAIIAN BANK
930358,170321.0,170321000.0,UNITED BANKERS' BANK
936426,166963.0,166963000.0,S & T BANK
3212402,152395.0,152395000.0,PCB BANK
450856,148952.0,148952000.0,UNION BANK AND TRUST COMPANY
811046,148777.0,148777000.0,BANKERS TRUST COMPANY
83638,148602.0,148602000.0,"AMERANT BANK, NATIONAL ASSOCIATION"
2693264,141350.0,141350000.0,"TOWN BANK, NATIONAL ASSOCIATION"
384652,141066.0,141066000.0,"DALLAS CAPITAL BANK, NATIONAL ASSOCIATION"
474919,137936.0,137936000.0,"FULTON BANK, NATIONAL ASSOCIATION"
980960,136957.0,136957000.0,BENCHMARK BANK
3202702,136000.0,136000000.0,"OPTUM BANK, INC."
3216017,131252.0,131252000.0,"BEVERLY BANK & TRUST COMPANY, NATIONAL ASSOCIATION"
977250,121721.0,121721000.0,MIDWEST INDEPENDENT BANKERSBANK
2797724,116452.0,116452000.0,TOWNEBANK
595430,110575.0,110575000.0,"STATE BANK OF THE LAKES, NATIONAL ASSOCIATION"
3357219,110005.0,110005000.0,OPEN BANK
2044811,109928.0,109928000.0,"WHEATON BANK & TRUST COMPANY, NATIONAL ASSOCIATION"
2508751,108895.0,108895000.0,"BARRINGTON BANK & TRUST COMPANY, NATIONAL ASSOCIATION"
2339795,108744.0,108744000.0,"LIBERTYVILLE BANK & TRUST COMPANY, NATIONAL ASSOCIATION"
130541,108731.0,108731000.0,HORIZON BANK
527954,108044.0,108044000.0,FIRST NATIONAL BANK OF OMAHA
663834,107874.0,107874000.0,OCEAN BANK
74140,103975.0,103975000.0,ISABELLA BANK
3630323,103161.0,103161000.0,THIRD COAST BANK
3401970,102869.0,102869000.0,FIRST BANK
2624400,101676.0,101676000.0,"CRYSTAL LAKE BANK & TRUST COMPANY, NATIONAL ASSOCIATION"
353555,99038.0,99038000.0,AMARILLO NATIONAL BANK
2736291,98949.0,98949000.0,POPULAR BANK
3016347,96529.0,96529000.0,GEORGIA BANKING COMPANY
2634351,95655.0,95655000.0,"MACATAWA BANK, NATIONAL ASSOCIATION"
2316714,95350.0,95350000.0,TIME BANK
3348888,92651.0,92651000.0,SERVISFIRST BANK
1447639,90926.0,90926000.0,WESTSTAR BANK
140362,89650.0,89650000.0,SUNWEST BANK
2736219,88375.0,88375000.0,"TRANSPORTATION ALLIANCE BANK, INC. DBA TAB BANK"
2608754,87982.0,87982000.0,MERCANTILE BANK
141556,86419.0,86419000.0,STEARNS BANK NATIONAL ASSOCIATION
3214059,86170.0,86170000.0,AVIDBANK
1718469,85997.0,85997000.0,COLORADO FEDERAL SAVINGS BANK
426534,82939.0,82939000.0,HEARTLAND BANK AND TRUST COMPANY
734538,81690.0,81690000.0,FIRST NATIONAL BANKERS BANK
853952,81166.0,81166000.0,"CENTRAL TRUST BANK, THE"
34537,81093.0,81093000.0,SEACOAST NATIONAL BANK
795968,80788.0,80788000.0,BANK OF HAWAII
2142155,80614.0,80614000.0,QUAD CITY BANK AND TRUST COMPANY
659855,79750.0,79750000.0,FIRST INTERSTATE BANK
930965,75660.0,75660000.0,SMBC MANUBANK
660655,73945.0,73945000.0,AMERICAN NATIONAL BANK
9357,73474.0,73474000.0,SCALE BANK
1216022,73000.0,73000000.0,SYNCHRONY BANK
3344321,67695.0,67695000.0,TRADITION CAPITAL BANK
3402913,65680.0,65680000.0,BANESCO USA
77851,64561.0,64561000.0,FIRST BANK & TRUST
871769,64367.0,64367000.0,FARMERS AND MERCHANTS BANK OF LONG BEACH
531250,63322.0,63322000.0,CENTENNIAL BANK
470050,62816.0,62816000.0,FIRST FINANCIAL BANK
474254,62227.0,62227000.0,BROADWAY NATIONAL BANK
3404207,60883.0,60883000.0,"OLD PLANK TRAIL COMMUNITY BANK, NATIONAL ASSOCIATION"
324340,58987.0,58987000.0,CHOICEONE BANK
1017939,58984.0,58984000.0,UNITED COMMUNITY BANK
913856,57595.0,57595000.0,PINNACLE BANK
403151,57569.0,57569000.0,CORNERSTONE BANK
2970657,57568.0,57568000.0,"SCHAUMBURG BANK & TRUST COMPANY, NATIONAL ASSOCIATION"
498362,57245.0,57245000.0,AMERICAN NATIONAL BANK & TRUST
26765,56470.0,56470000.0,VANTAGE BANK TEXAS
593052,56206.0,56206000.0,PLAINS COMMERCE BANK
31255,53135.0,53135000.0,CENTRAL BANK
538802,52803.0,52803000.0,INTERAUDI BANK
317342,52772.0,52772000.0,STOCK YARDS BANK & TRUST COMPANY
3470154,50304.0,50304000.0,US METRO BANK
482156,49305.0,49305000.0,FARMERS BANK & TRUST
656377,48401.0,48401000.0,WAFD BANK
137652,48126.0,48126000.0,UNIVERSITY BANK
3465392,48086.0,48086000.0,PEGASUS BANK
113740,46167.0,46167000.0,FIRST STATE BANK
575254,45900.0,45900000.0,CITY BANK
188430,45896.0,45896000.0,"FLORIDA CAPITAL BANK, N.A."
4210227,45000.0,45000000.0,NBH BANK
509950,44389.0,44389000.0,FIRST UNITED BANK AND TRUST COMPANY
710859,42961.0,42961000.0,"CITIZENS BANK OF CLOVIS, THE"
2808602,41368.0,41368000.0,"CAPITAL BANK, NATIONAL ASSOCIATION"
2121196,40328.0,40328000.0,"TD BANK USA, NATIONAL ASSOCIATION"
1002878,40000.0,40000000.0,NORTHWEST BANK
522605,38971.0,38971000.0,BAR HARBOR BANK AND TRUST COMPANY
3690121,38654.0,38654000.0,LIBERTY CAPITAL BANK
1018927,38488.0,38488000.0,1ST SECURITY BANK OF WASHINGTON
3248849,38464.0,38464000.0,MAINSTREET BANK
3076453,38298.0,38298000.0,"CALIFORNIA BANK OF COMMERCE, NATIONAL ASSOCIATION"
722544,36887.0,36887000.0,NATIONAL EXCHANGE BANK AND TRUST
407506,35203.0,35203000.0,ION BANK
594853,35106.0,35106000.0,"BONVENU BANK, N.A."
272272,34537.0,34537000.0,SOUTHERN BANK
254849,33573.0,33573000.0,FIRST INDEPENDENCE BANK
422433,33467.0,33467000.0,FIRST GUARANTY BANK
69333,33064.0,33064000.0,"CITIZENS NATIONAL BANK OF MERIDIAN, THE"
698144,32936.0,32936000.0,COMMUNITY FINANCIAL SERVICES BANK
703552,32500.0,32500000.0,"HORIZON BANK, SSB"
435750,32157.0,32157000.0,FIRST STATE BANK
2891622,32111.0,32111000.0,"CORNERSTONE CAPITAL BANK, SSB"
408875,31546.0,31546000.0,"AXIOM BANK, NATIONAL ASSOCIATION"
1218446,31376.0,31376000.0,BANKERS' BANK OF KANSAS
2631846,30956.0,30956000.0,NORTH AMERICAN BANKING COMPANY
525549,30887.0,30887000.0,LAKE RIDGE BANK
867632,30818.0,30818000.0,INTERNATIONAL FINANCE BANK
557858,30624.0,30624000.0,"INTRUST BANK, NATIONAL ASSOCIATION"
852704,30014.0,30014000.0,GENESEE REGIONAL BANK
311845,30000.0,30000000.0,ARVEST BANK
677644,28962.0,28962000.0,"FARMERS & MERCHANTS BANK, THE"
382050,28918.0,28918000.0,CENTRAL SAVINGS BANK
3688043,28035.0,28035000.0,PARKSIDE FINANCIAL BANK AND TRUST
595270,27371.0,27371000.0,MIDFIRST BANK
202907,26767.0,26767000.0,"COMMUNITY BANK, NATIONAL ASSOCIATION"
732758,26562.0,26562000.0,BANKERS' BANK OF THE WEST
391418,26040.0,26040000.0,FIRST & PEOPLES BANK AND TRUST COMPANY
436159,25514.0,25514000.0,FIRSTBANK
293053,25204.0,25204000.0,COMMUNITY NATIONAL BANK
352772,24968.0,24968000.0,BANNER BANK
456045,24844.0,24844000.0,CENTENNIAL BANK
370020,24614.0,24614000.0,"PENDLETON COMMUNITY BANK, INC."
528849,24444.0,24444000.0,HORICON BANK
2838207,24195.0,24195000.0,SEATTLE BANK
285544,24055.0,24055000.0,CAPITOL NATIONAL BANK
859655,23928.0,23928000.0,"BANKERS BANK, THE"
497039,23828.0,23828000.0,COMMERCIAL BANK
881478,23548.0,23548000.0,HERITAGE BANK
369659,23457.0,23457000.0,FIRST NATIONAL BANK OF CENTRAL TEXAS
3437148,23166.0,23166000.0,FIRST FREEDOM BANK
632858,23006.0,23006000.0,FRONTIER STATE BANK
806958,22820.0,22820000.0,MIDWEST BANK
58971,21747.0,21747000.0,WASHINGTON TRUST BANK
54973,21743.0,21743000.0,"AMERICAN SAVINGS BANK, F.S.B."
540551,21500.0,21500000.0,"BANKWEST, INCORPORATED"
600419,21384.0,21384000.0,KISH BANK
3545258,20978.0,20978000.0,CALPRIVATE BANK
207050,20960.0,20960000.0,WEST GATE BANK
3317932,20451.0,20451000.0,CONNECTONE BANK
509811,20392.0,20392000.0,"COMMUNITY TRUST BANK, INC."
160959,19829.0,19829000.0,KS STATEBANK
3146150,19589.0,19589000.0,U.S. CENTURY BANK
361167,19384.0,19384000.0,SOUTHSIDE BANK
477321,19360.0,19360000.0,CONSUMERS NATIONAL BANK
978118,19301.0,19301000.0,FIRST CITIZENS COMMUNITY BANK
403179,18941.0,18941000.0,FIRST FED BANK
2815879,18780.0,18780000.0,GREAT AMERICAN BANK
840363,18390.0,18390000.0,FIRSTBANK SOUTHWEST
859552,18368.0,18368000.0,BANK OF THE WEST
645625,18353.0,18353000.0,"WESBANCO BANK, INC."
2562164,18214.0,18214000.0,COASTAL COMMUNITY BANK
242976,17732.0,17732000.0,BAYVANGUARD BANK
2743244,17336.0,17336000.0,RED RIVER BANK
2855866,16686.0,16686000.0,FOUR CORNERS COMMUNITY BANK
276850,16534.0,16534000.0,SECURITY FIRST BANK
1436204,16514.0,16514000.0,BANK OF MARIN
3690635,16510.0,16510000.0,MEGA BANK
58243,16462.0,16462000.0,JOHNSON BANK
2634191,16428.0,16428000.0,GLACIER BANK
546003,16388.0,16388000.0,BANKNEWPORT
418249,16029.0,16029000.0,"THE SECURITY NATIONAL BANK OF SIOUX CITY, IOWA"
3224375,15985.0,15985000.0,GOLDEN STATE BANK
473266,15500.0,15500000.0,TEXAS FIRST BANK
762447,15161.0,15161000.0,"FIRST MID BANK & TRUST, NATIONAL ASSOCIATION"
45551,15000.0,15000000.0,BANK MIDWEST
499453,14917.0,14917000.0,FIRST STATE BANK NEBRASKA
836843,14861.0,14861000.0,MIDWESTONE BANK
176464,14552.0,14552000.0,ALLIANCE BANK
933621,14472.0,14472000.0,BURKE AND HERBERT BANK AND TRUST COMPANY
594947,14461.0,14461000.0,"BANK FIRST, NATIONAL ASSOCIATION"
775456,14442.0,14442000.0,NATIONAL BANK OF COMMERCE
2515320,14375.0,14375000.0,FORTIS BANK
279954,14239.0,14239000.0,CITIZENS ALLIANCE BANK
5382514,13797.0,13797000.0,GULF CAPITAL BANK
726953,13773.0,13773000.0,UNITED TEXAS BANK
3293540,13750.0,13750000.0,PACIFIC VALLEY BANK
1187551,13627.0,13627000.0,"INDEPENDENT CORRESPONDENT BANKERS' BANK, INC."
3614976,13625.0,13625000.0,FVCBANK
3029589,13624.0,13624000.0,CEDAR RAPIDS BANK AND TRUST COMPANY
883959,13426.0,13426000.0,COWBOY BANK
121651,13200.0,13200000.0,JONESBORO STATE BANK
825146,12685.0,12685000.0,MORTON COMMUNITY BANK
754853,12488.0,12488000.0,"FIRST NATIONAL BANK OF HUTCHINSON, THE"
3588424,12356.0,12356000.0,"WATERFORD BANK, NA"
41629,12281.0,12281000.0,PIONEER BANK
936462,12223.0,12223000.0,MECHANICS BANK
3459207,12000.0,12000000.0,MOUNTAIN PACIFIC BANK
220844,11500.0,11500000.0,DENVER SAVINGS BANK
2451240,11500.0,11500000.0,PACIFIC COAST BANKERS' BANK
3447820,11400.0,11400000.0,"ESQUIRE BANK, NATIONAL ASSOCIATION"
556459,11296.0,11296000.0,"KLEBERG BANK, N.A."
3378773,11260.0,11260000.0,BRIDGEWATER BANK
3690701,11200.0,11200000.0,PRIME MERIDIAN BANK
939249,11095.0,11095000.0,FIDELITY BANK & TRUST
403946,11000.0,11000000.0,"PARK BANK, THE"
3356191,10989.0,10989000.0,BRYANT BANK
375043,10911.0,10911000.0,"PEOPLES NATIONAL BANK, NATIONAL ASSOCIATION"
968070,10872.0,10872000.0,CAPITOL FEDERAL SAVINGS BANK
568359,10692.0,10692000.0,AMERICAN BANK OF FREEDOM
498317,10560.0,10560000.0,"OHIO VALLEY BANK COMPANY, THE"
428060,10436.0,10436000.0,CENTRAL NATIONAL BANK
779968,10386.0,10386000.0,STATE BANK OF INDIA (CALIFORNIA)
2398701,10028.0,10028000.0,"MODERN BANK, NATIONAL ASSOCIATION"
565750,9870.0,9870000.0,BANK OF WASHINGTON
479446,9656.0,9656000.0,CITIZENS STATE BANK OF LOYAL
2877345,9319.0,9319000.0,INSBANK
1015252,9138.0,9138000.0,LEA COUNTY STATE BANK
597313,9127.0,9127000.0,PS BANK
5342974,9121.0,9121000.0,PIERMONT BANK
785473,9110.0,9110000.0,FIRST SAVINGS BANK
380533,9017.0,9017000.0,LONGVIEW BANK
2667957,9000.0,9000000.0,NEBRASKALAND BANK
640143,8722.0,8722000.0,FEDERATED BANK
163857,8370.0,8370000.0,F&M BANK
1001648,8325.0,8325000.0,CARROLLTON BANK
972648,8083.0,8083000.0,PLANTERS BANK & TRUST COMPANY
497954,8026.0,8026000.0,TEXAS NATIONAL BANK
329550,7977.0,7977000.0,INSOUTH BANK
132107,7883.0,7883000.0,ANDROSCOGGIN SAVINGS BANK
814458,7861.0,7861000.0,CHARTER BANK
724744,7500.0,7500000.0,GNB BANK
3398623,7462.0,7462000.0,FFB BANK
2209553,7453.0,7453000.0,HERITAGE BANK OF COMMERCE
649342,7349.0,7349000.0,IOWA TRUST & SAVINGS BANK
613008,7320.0,7320000.0,ROCKLAND TRUST COMPANY
918918,7271.0,7271000.0,SAFRA NATIONAL BANK OF NEW YORK
125855,7250.0,7250000.0,SABINE STATE BANK AND TRUST COMPANY
552974,7201.0,7201000.0,"SHELBY SAVINGS BANK, SSB"
685676,7184.0,7184000.0,OPPORTUNITY BANK OF MONTANA
916745,7056.0,7056000.0,BNA BANK
892205,7002.0,7002000.0,WESTFIELD BANK
597546,7000.0,7000000.0,PREMIER COMMUNITY BANK
289702,6800.0,6800000.0,NORWAY SAVINGS BANK
242257,6753.0,6753000.0,PEOPLES SAVINGS BANK OF RHINELAND
1013744,6743.0,6743000.0,CAPRA BANK
400141,6631.0,6631000.0,"FNB BANK, INC."
137643,6618.0,6618000.0,WEST IOWA BANK
3835454,6596.0,6596000.0,ROYAL BUSINESS BANK
604024,6575.0,6575000.0,MINSTER BANK
328777,6551.0,6551000.0,PENN COMMUNITY BANK
994435,6499.0,6499000.0,UNITED BANK
674849,6375.0,6375000.0,LUANA SAVINGS BANK
51253,6274.0,6274000.0,APEX BANK
977951,6221.0,6221000.0,BORDER BANK
340742,6000.0,6000000.0,CIBM BANK
475354,6000.0,6000000.0,FARMERS STATE BANK
701062,5800.0,5800000.0,CENTRAL PACIFIC BANK
693952,5750.0,5750000.0,SECURITY FIRST BANK OF NORTH DAKOTA
3595271,5686.0,5686000.0,"BANK OF PRINCETON, THE"
236706,5663.0,5663000.0,PEAPACK PRIVATE BANK AND TRUST
309655,5657.0,5657000.0,REGENT BANK
514655,5575.0,5575000.0,"TEXAS GULF BANK, NATIONAL ASSOCIATION"
5592340,5396.0,5396000.0,CLIMATE FIRST BANK
634544,5192.0,5192000.0,BANK 21
442244,5097.0,5097000.0,NORTHEAST SECURITY BANK
455972,5096.0,5096000.0,PEOPLES BANK
928618,5095.0,5095000.0,AMERISERV FINANCIAL BANK
1885932,5074.0,5074000.0,CRESCENT BANK
262741,5049.0,5049000.0,FARMERS BANK & TRUST COMPANY
962890,5003.0,5003000.0,CITIZENS COMMUNITY FEDERAL NATIONAL ASSOCIATION
328357,5000.0,5000000.0,"TITAN BANK, N.A."
933023,4964.0,4964000.0,"SHORE UNITED BANK, NATIONAL ASSOCIATION"
5686089,4947.0,4947000.0,NAVE BANK
371232,4904.0,4904000.0,FIRST COMMUNITY BANK AND TRUST
477648,4835.0,4835000.0,FARMERS STATE BANK
262059,4752.0,4752000.0,AVB BANK
100843,4655.0,4655000.0,FNBC BANK
3720608,4635.0,4635000.0,OAKWORTH CAPITAL BANK
121642,4595.0,4595000.0,BANKPLUS
1015560,4551.0,4551000.0,"INDUSTRIAL AND COMMERCIAL BANK OF CHINA (USA), NATIONAL ASSOCIATION"
215710,4456.0,4456000.0,"JUNIATA VALLEY BANK, THE"
959715,4426.0,4426000.0,ATLANTIC COMMUNITY BANKERS BANK
1469677,4370.0,4370000.0,"HERITAGE BANK, INC."
248240,4333.0,4333000.0,BANK OF SPRINGFIELD
84541,4279.0,4279000.0,GUARANTY BANK AND TRUST COMPANY
248745,4250.0,4250000.0,OOSTBURG STATE BANK
1016857,4240.0,4240000.0,CITIZENS BANK OF LAS CRUCES
865544,4223.0,4223000.0,CLEAR LAKE BANK AND TRUST COMPANY
924236,4149.0,4149000.0,FIRST STATE BANK
648242,4131.0,4131000.0,INDEPENDENCE BANK OF KENTUCKY
5313312,4091.0,4091000.0,WATERMARK BANK
204826,4075.0,4075000.0,FIRST NATIONAL BANK IN NEW BREMEN
936136,4055.0,4055000.0,OLD SECOND NATIONAL BANK
475653,4000.0,4000000.0,MOUNTAIN VALLEY BANK
653134,3986.0,3986000.0,FARMERS-MERCHANTS BANK & TRUST COMPANY
2734729,3857.0,3857000.0,AMERICAN BUSINESS BANK
972732,3835.0,3835000.0,FIRST NATIONAL BANK OF PULASKI
778738,3805.0,3805000.0,CITIZENS BANK
1014853,3672.0,3672000.0,CITIZENS BANK OF KANSAS
659341,3650.0,3650000.0,"CONSTITUTION BANK, NATIONAL ASSOCIATION"
596062,3594.0,3594000.0,"CITY NATIONAL BANK OF SULPHUR SPRINGS, THE"
702117,3577.0,3577000.0,"NBT BANK, NATIONAL ASSOCIATION"
851239,3575.0,3575000.0,"POCA VALLEY BANK, INC., THE"
543459,3489.0,3489000.0,"DREAM FIRST BANK, NATIONAL ASSOCIATION"
216922,3380.0,3380000.0,FIRST BANK
2631172,3314.0,3314000.0,STATE BANK FINANCIAL
867650,3274.0,3274000.0,PINNACLE BANK
839255,3250.0,3250000.0,FNB COMMUNITY BANK
2820604,3205.0,3205000.0,MILLENNIUM BANK
261940,3200.0,3200000.0,ANSTAFF BANK
229342,3132.0,3132000.0,STATE BANK & TRUST CO.
645317,3103.0,3103000.0,"ADIRONDACK TRUST COMPANY, THE"
3314043,3045.0,3045000.0,FIRST RESOURCE BANK
2849285,3000.0,3000000.0,BANKVISTA
172457,2971.0,2971000.0,"CITIZENS BANK OF EDMOND, THE"
3010363,2900.0,2900000.0,BANKCDA
77422,2900.0,2900000.0,COMMUNITY BANKERS' BANK
915065,2859.0,2859000.0,HAWAII NATIONAL BANK
869346,2854.0,2854000.0,IOWA STATE SAVINGS BANK
499501,2831.0,2831000.0,MAINE COMMUNITY BANK
880332,2830.0,2830000.0,PIKE NATIONAL BANK
719656,2800.0,2800000.0,"CALLAWAY BANK, THE"
2925620,2753.0,2753000.0,"CHINO COMMERCIAL BANK, NATIONAL ASSOCIATION"
956134,2750.0,2750000.0,LASALLE STATE BANK
3488579,2673.0,2673000.0,CENTRAL BANK
1386251,2663.0,2663000.0,BANCFIRST
1225752,2645.0,2645000.0,COMMERCIAL BANK
458665,2600.0,2600000.0,"FIRST NATIONAL BANK OF STANTON, THE"
468673,2563.0,2563000.0,"HOME LOAN SAVINGS BANK, THE"
202514,2562.0,2562000.0,"CUMBERLAND SECURITY BANK, INC."
556936,2500.0,2500000.0,FORESIGHT BANK
3943210,2500.0,2500000.0,LIBERTY BANK
780955,2429.0,2429000.0,WAUMANDEE STATE BANK
439338,2371.0,2371000.0,UNITED COMMUNITY BANK
613343,2370.0,2370000.0,"CNB BANK & TRUST, NA"
858443,2355.0,2355000.0,"FIRST NATIONAL BANK OF AVA, THE"
3391718,2355.0,2355000.0,BELMONT BANK & TRUST COMPANY
479370,2339.0,2339000.0,HIGH COUNTRY BANK
884648,2336.0,2336000.0,UNITED COMMUNITY BANK
273840,2313.0,2313000.0,COMMUNITY FIRST BANK OF THE HEARTLAND
1007015,2261.0,2261000.0,CENTRAL BANK & TRUST COMPANY
765662,2250.0,2250000.0,MUENSTER STATE BANK
2529176,2250.0,2250000.0,SECURITY NATIONAL BANK OF SOUTH DAKOTA
927134,2198.0,2198000.0,SOLUTIONS BANK
646556,2187.0,2187000.0,CONNECTIONS BANK
901938,2100.0,2100000.0,"FARMERS BANK, THE"
651541,2078.0,2078000.0,IOWA STATE BANK AND TRUST COMPANY
956358,2054.0,2054000.0,SECURITY BANK OF THE OZARKS
990642,2051.0,2051000.0,"FIRST NATIONAL BANK OF ALLENDALE, THE"
63733,2041.0,2041000.0,WELLWORTH BANK
49148,2016.0,2016000.0,RUSHVILLE STATE BANK
646743,2013.0,2013000.0,COMMUNITY SAVINGS BANK
524971,2003.0,2003000.0,WESTBURY BANK
626101,2003.0,2003000.0,IVES BANK
580155,2000.0,2000000.0,PLATTE VALLEY BANK
660570,2000.0,2000000.0,PRESENCE BANK
355559,2000.0,2000000.0,RANGE BANK
333650,2000.0,2000000.0,"BANK, THE"
420644,1987.0,1987000.0,"PEOPLES COMMUNITY BANK, THE"
393355,1900.0,1900000.0,BANK OF WESTON
846945,1876.0,1876000.0,BADGER BANK
150035,1837.0,1837000.0,FIRST FARMERS AND MERCHANTS BANK
670654,1782.0,1782000.0,FIRST SECURITY BANK OF DEER LODGE
697950,1750.0,1750000.0,CITY NATIONAL BANK
451246,1748.0,1748000.0,WAYNE BANK AND TRUST CO.
899428,1744.0,1744000.0,FIRST BANK
2497181,1717.0,1717000.0,"PLANTERS BANK, INC."
173306,1706.0,1706000.0,NATIONAL BANK OF MIDDLEBURY
625953,1700.0,1700000.0,BANK OF WINNFIELD & TRUST COMPANY
830645,1697.0,1697000.0,LONGVIEW COMMUNITY BANK
499154,1682.0,1682000.0,HOME LOAN STATE BANK
3166699,1656.0,1656000.0,TOLLESON PRIVATE BANK
3350658,1625.0,1625000.0,FIRST VISION BANK OF TENNESSEE
909055,1577.0,1577000.0,PEOPLES BANK & TRUST CO.
309150,1572.0,1572000.0,"MISSOURI BANK, THE"
625757,1565.0,1565000.0,NORTHERN STATE BANK
3280625,1500.0,1500000.0,PROVIDENCE BANK & TRUST
381026,1500.0,1500000.0,"TWIN VALLEY BANK, THE"
634955,1500.0,1500000.0,"PATRONS BANK, NATIONAL ASSOCIATION"
261146,1475.0,1475000.0,"MAGNOLIA BANK, INC"
327855,1425.0,1425000.0,CIERA BANK
132938,1415.0,1415000.0,PLANTERS AND CITIZENS BANK
647955,1400.0,1400000.0,ASCENT BANK
1017425,1384.0,1384000.0,"KILLBUCK SAVINGS BANK COMPANY, THE"
870913,1359.0,1359000.0,BUCKEYE STATE BANK
399517,1290.0,1290000.0,CNB BANK
450632,1251.0,1251000.0,FIRST NATIONAL COMMUNITY BANK
56351,1250.0,1250000.0,"VERABANK, NATIONAL ASSOCIATION"
835444,1232.0,1232000.0,"BANK OF HERRIN, THE"
783844,1225.0,1225000.0,CITIZENS BANK
270504,1203.0,1203000.0,COMMUNITY NATIONAL BANK
3022610,1096.0,1096000.0,FLATIRONS BANK
513256,1083.0,1083000.0,FIRST NATIONAL BANK COLORADO
762045,1012.0,1012000.0,STATE SAVINGS BANK
342410,1004.0,1004000.0,ORRSTOWN BANK
524953,1000.0,1000000.0,FIRST PRYORITY BANK
297051,1000.0,1000000.0,PATRIOTS BANK
244037,1000.0,1000000.0,FRIEND BANK
691743,1000.0,1000000.0,ANNA STATE BANK
406059,1000.0,1000000.0,NBT FINANCIAL BANK
90328,1000.0,1000000.0,SKYLINE NATIONAL BANK
1003839,1000.0,1000000.0,M C BANK & TRUST COMPANY
167453,1000.0,1000000.0,BLUFF VIEW BANK
827458,1000.0,1000000.0,DAKOTA WESTERN BANK
644776,999.0,999000.0,UNITED ROOSEVELT SAVINGS BANK
382649,988.0,988000.0,FIRST SOUTHERN BANK
3832127,987.0,987000.0,PROMISEONE BANK
55635,986.0,986000.0,CITIZENS SAVINGS BANK AND TRUST COMPANY
950356,976.0,976000.0,SECURITY STATE BANK OF HIBBING
3015939,925.0,925000.0,AMG NATIONAL TRUST BANK
353546,888.0,888000.0,"FIRST NATIONAL BANK IN TREMONT, THE"
622037,886.0,886000.0,"FIRST NATIONAL BANK OF JEANERETTE, THE"
3538009,852.0,852000.0,PLATINUM BANK
628552,843.0,843000.0,WINNSBORO STATE BANK & TRUST COMPANY
581358,825.0,825000.0,STATE NEBRASKA BANK &TRUST
3517590,809.0,809000.0,HYPERION BANK
407168,791.0,791000.0,FIRST STATE BANK
143952,750.0,750000.0,PILLAR BANK
192857,750.0,750000.0,PANHANDLE FIRST BANK
141350,750.0,750000.0,"FIRST STATE BANK, THE"
675248,737.0,737000.0,GREENLEAF BANK
947749,695.0,695000.0,"NORTH SALEM STATE BANK, THE"
550952,668.0,668000.0,RSNB BANK
2948058,650.0,650000.0,STORY BANK DBA STORY FINANCIAL PARTNERS
417710,629.0,629000.0,"PINNACLE BANK, INC"
149150,621.0,621000.0,CITIZENS STATE BANK
487357,606.0,606000.0,TOWN & COUNTRY BANK
777366,600.0,600000.0,BANK OF THE ORIENT
459644,597.0,597000.0,FIRST COMMUNITY BANK OF MOULTRIE COUNTY
366854,562.0,562000.0,KENDALL BANK
1017555,540.0,540000.0,FIRST COMMUNITY BANK
765877,536.0,536000.0,HOME SAVINGS BANK
680813,525.0,525000.0,"FARMERS NATIONAL BANK OF CANFIELD, THE"
177920,511.0,511000.0,"MIDDLEFIELD BANKING COMPANY, THE"
2684552,501.0,501000.0,AMERICAN BANK OF OKLAHOMA
557317,500.0,500000.0,LINKBANK
401906,500.0,500000.0,SKOWHEGAN SAVINGS BANK
249658,500.0,500000.0,ROCKY MOUNTAIN BANK AND TRUST
3597211,500.0,500000.0,"CHAIN BRIDGE BANK, NATIONAL ASSOCIATION"
43856,478.0,478000.0,"MINERS NATIONAL BANK OF EVELETH, THE"
186744,478.0,478000.0,FIRST CITIZENS BANK
937740,473.0,473000.0,"PORT WASHINGTON STATE BANK, THE"
67209,464.0,464000.0,NEWBURYPORT FIVE CENTS SAVINGS BANK
782306,446.0,446000.0,BEACON BANK & TRUST
208347,433.0,433000.0,CONSERVATION FIRST BANK
616036,419.0,419000.0,SOUTH LOUISIANA BANK
615954,374.0,374000.0,TRAILWEST BANK
3821037,365.0,365000.0,R BANK
162337,364.0,364000.0,CITIZENS TRI-COUNTY BANK
913753,364.0,364000.0,INWOOD NATIONAL BANK
112510,357.0,357000.0,"BALTIC STATE BANK, THE"
1492817,352.0,352000.0,FIRST KANSAS BANK
550448,346.0,346000.0,"STATE BANK, THE"
651859,338.0,338000.0,STOCKMAN BANK OF MONTANA
837840,317.0,317000.0,UNITY BANK OF MISSISSIPPI
2897633,308.0,308000.0,HOMETOWN BANK OF CORBIN INC.
580847,300.0,300000.0,LEWISBURG BANKING COMPANY
754536,293.0,293000.0,VERMILION BANK & TRUST COMPANY
2232757,278.0,278000.0,CHARLEVOIX STATE BANK
862141,277.0,277000.0,TRUBANK
1000276,264.0,264000.0,PITTSFIELD CO-OPERATIVE BANK
176325,248.0,248000.0,FARMERS & MERCHANTS BANK
295011,248.0,248000.0,GREENVILLE NATIONAL BANK
505,245.0,245000.0,BALLSTON SPA NATIONAL BANK
3448425,228.0,228000.0,COMMUNITY BANK OF PLEASANT HILL
340144,221.0,221000.0,PEOPLES STATE BANK
187947,221.0,221000.0,BANK IOWA
2726050,221.0,221000.0,FIRST CENTRAL BANK MCCOOK
576578,217.0,217000.0,MONROE FEDERAL SAVINGS AND LOAN ASSOCIATION
2907019,208.0,208000.0,COMMUNITY FIRST NATIONAL BANK
247140,200.0,200000.0,ONE COMMUNITY BANK
984258,198.0,198000.0,FIRST NATIONAL BANK AND TRUST COMPANY OF ARDMORE
3284445,194.0,194000.0,"T BANK, NATIONAL ASSOCIATION"
421539,186.0,186000.0,FIRST PEOPLES BANK OF TENNESSEE
522454,185.0,185000.0,FIRST STATE BANK
2748502,185.0,185000.0,SYNERGY BANK
327220,180.0,180000.0,FARMERS STATE BANK
45560,176.0,176000.0,JEFFERSON BANK
287959,173.0,173000.0,KANSAS STATE BANK
622774,170.0,170000.0,CENTRAL BANK
349129,169.0,169000.0,"COMMERCIAL BANK, THE"
879457,166.0,166000.0,CORNERSTONE BANK
136338,160.0,160000.0,MERCHANTS & FARMERS BANK & TRUST COMPANY
749840,145.0,145000.0,FARMERS STATE BANK
589523,143.0,143000.0,BANK OF TRAVELERS REST
661308,141.0,141000.0,AMALGAMATED BANK
315656,131.0,131000.0,FIRST ENTERPRISE BANK
323204,128.0,128000.0,"LYONS NATIONAL BANK, THE"
479754,125.0,125000.0,COMMERCIAL STATE BANK
617145,112.0,112000.0,"CITIZENS BANK, THE"
578862,81.0,81000.0,FIRST STATE BANK OF SAN DIEGO
2941068,72.0,72000.0,NICOLET NATIONAL BANK
42448,66.0,66000.0,FIRST NATIONAL BANK
623454,62.0,62000.0,"BANK AND TRUST, SSB, THE"
3720,57.0,57000.0,"BANK OF CLARENDON, THE"
637170,57.0,57000.0,AMERICAN FEDERAL BANK
271529,57.0,57000.0,COUNTYBANK
283737,56.0,56000.0,FIRST NATIONAL BANK OF TENNESSEE
370347,50.0,50000.0,"FIRST NATIONAL BANK OF LITCHFIELD, THE"
3281510,46.0,46000.0,UNITED BUSINESS BANK
301574,46.0,46000.0,LAKE SHORE BANK
228000,33.0,33000.0,FRANKLIN SAVINGS BANK
459130,20.0,20000.0,GULF COAST BANK
2236821,17.0,17000.0,"PATRIOT BANK, NATIONAL ASSOCIATION"
416674,16.0,16000.0,"KS BANK, INC."
675659,12.0,12000.0,STATE BANK & TRUST OF KENMARE
2889227,10.0,10000.0,ALPINE CAPITAL BANK
223322,7.0,7000.0,"FIRST BANK AND TRUST COMPANY, THE"
498148,4.0,4000.0,FOCUS BANK
914648,1.0,1000.0,BANKFIRST FINANCIAL SERVICES
380878,1.0,1000.0,GREENWAY BANK
