cik,name,quarter_end,assets,liabilities,stockholdersequity,longtermdebt
0000017313,CAPITAL SOUTHWEST CORPORATION,2026-03-31,2177518000,1166526000,1010992000,1131225000
0000017313,CAPITAL SOUTHWEST CORPORATION,2025-12-31,2115921000,1120287000,995634000,1072482000
0000017313,CAPITAL SOUTHWEST CORPORATION,2025-09-30,2021324000,1074320000,947004000,1034758000
0000017313,CAPITAL SOUTHWEST CORPORATION,2025-06-30,1882412000,965938000,916474000,925950000
0000081955,RAND CAPITAL CORPORATION,2026-03-31,52514626,1559771,50954855,
0000081955,RAND CAPITAL CORPORATION,2025-12-31,53195312,1011859,52183453,
0000081955,RAND CAPITAL CORPORATION,2025-09-30,54579788,958274,53621514,
0000081955,RAND CAPITAL CORPORATION,2025-06-30,57639539,925585,56713954,
0000845385,PRINCETON CAPITAL CORPORATION,2026-03-31,14389643,759121,13630522,
0000845385,PRINCETON CAPITAL CORPORATION,2025-12-31,14758599,495598,14263001,
0000845385,PRINCETON CAPITAL CORPORATION,2025-09-30,17896941,431058,17465883,
0000845385,PRINCETON CAPITAL CORPORATION,2025-06-30,18815510,336992,18478518,
0000878932,"EQUUS TOTAL RETURN, INC.",2025-12-31,21338000,4768000,16570000,
0000878932,"EQUUS TOTAL RETURN, INC.",2025-09-30,31401000,4897000,26504000,
0000878932,"EQUUS TOTAL RETURN, INC.",2025-06-30,37066000,2955000,34111000,
0001096938,"UNITED HEALTH PRODUCTS, INC.",2026-03-31,248825,4441118,-4192293,
0001096938,"UNITED HEALTH PRODUCTS, INC.",2025-12-31,316698,4193149,-3876451,
0001096938,"UNITED HEALTH PRODUCTS, INC.",2025-09-30,94313,3433856,-3339543,927500
0001096938,"UNITED HEALTH PRODUCTS, INC.",2025-06-30,81538,3252090,-3170552,847500
0001106838,"SONNET BIOTHERAPEUTICS HOLDINGS, INC.",2025-09-30,14884558,4096979,10787579,
0001106838,"SONNET BIOTHERAPEUTICS HOLDINGS, INC.",2025-06-30,2055347,5101826,-3046479,
0001143513,GLADSTONE CAPITAL CORP,2026-03-31,925070000,406987000,482614000,
0001143513,GLADSTONE CAPITAL CORP,2025-12-31,922811000,416339000,477322000,
0001143513,GLADSTONE CAPITAL CORP,2025-09-30,907597000,406175000,482035000,
0001143513,GLADSTONE CAPITAL CORP,2025-06-30,780198000,291227000,474454000,
0001259429,Oxford Square Capital Corp.,2026-03-31,278857481,155592439,123265042,
0001259429,Oxford Square Capital Corp.,2025-12-31,306739111,161334309,145404802,
0001259429,Oxford Square Capital Corp.,2025-09-30,314739807,155784661,158955146,
0001259429,Oxford Square Capital Corp.,2025-06-30,274846650,117423934,157422716,
0001278752,MIDCAP FINANCIAL INVESTMENT CORPORATION,2026-03-31,3069872000,1893612000,1176260000,1870388000
0001278752,MIDCAP FINANCIAL INVESTMENT CORPORATION,2025-12-31,3323644000,2016383000,1307261000,1995210000
0001278752,MIDCAP FINANCIAL INVESTMENT CORPORATION,2025-09-30,3309494000,1941574000,,1915074000
0001278752,MIDCAP FINANCIAL INVESTMENT CORPORATION,2025-06-30,3461883000,2085962000,,2051654000
0001280784,"HERCULES CAPITAL, INC.",2026-03-31,4826418000,2599423000,2226995000,2539032000
0001280784,"HERCULES CAPITAL, INC.",2025-12-31,4584026000,2367973000,2216053000,2286444000
0001280784,"HERCULES CAPITAL, INC.",2025-09-30,4410167000,2220302000,2189865000,2151138000
0001280784,"HERCULES CAPITAL, INC.",2025-06-30,4284479000,2133404000,2151075000,2064166000
0001287032,Prospect Capital Corporation,2026-03-31,6383972000,1816573000,2953627000,1731963000
0001287032,Prospect Capital Corporation,2025-12-31,6534578000,1952326000,2958755000,1847696000
0001287032,Prospect Capital Corporation,2025-09-30,6641870000,2012561000,3004790000,1921191000
0001287032,Prospect Capital Corporation,2025-06-30,6804938000,2186266000,2988772000,2088311000
0001287750,ARES CAPITAL CORPORATION,2026-03-31,30679000000,16614000000,14065000000,15848000000
0001287750,ARES CAPITAL CORPORATION,2025-12-31,31235000000,16917000000,14318000000,15991000000
0001287750,ARES CAPITAL CORPORATION,2025-09-30,30806000000,16484000000,14322000000,15605000000
0001287750,ARES CAPITAL CORPORATION,2025-06-30,29071000000,15037000000,14034000000,14109000000
0001321741,GLADSTONE INVESTMENT CORPORATION\DE,2026-03-31,1322845000,654620000,668225000,564474000
0001321741,GLADSTONE INVESTMENT CORPORATION\DE,2025-12-31,1236619000,641211000,595408000,571838000
0001321741,GLADSTONE INVESTMENT CORPORATION\DE,2025-09-30,1144439000,608596000,535843000,555031000
0001321741,GLADSTONE INVESTMENT CORPORATION\DE,2025-06-30,1053909000,568605000,485304000,518625000
0001370755,BLACKROCK TCP CAPITAL CORP.,2026-03-31,1509553281,944442268,565111013,925843147
0001370755,BLACKROCK TCP CAPITAL CORP.,2025-12-31,1650360465,1052347268,598013197,1035542837
0001370755,BLACKROCK TCP CAPITAL CORP.,2025-09-30,1810880632,1070856969,740023663,1051615309
0001370755,BLACKROCK TCP CAPITAL CORP.,2025-06-30,1936968600,1196491662,740476938,1174640591
0001372807,BCP Investment Corporation,2026-03-31,543913000,350908000,193005000,336403000
0001372807,BCP Investment Corporation,2025-12-31,523641000,314485000,209156000,306881000
0001372807,BCP Investment Corporation,2025-09-30,567844000,336540000,231304000,321689000
0001372807,BCP Investment Corporation,2025-06-30,427995000,263266000,164729000,253662000
0001379785,"Barings BDC, Inc.",2026-03-31,2600116000,1446666000,1153450000,1121725000
0001379785,"Barings BDC, Inc.",2025-12-31,2636383000,1475701000,1160682000,1203321000
0001379785,"Barings BDC, Inc.",2025-09-30,2821892000,1655097000,1166795000,1265550000
0001379785,"Barings BDC, Inc.",2025-06-30,2793307000,1617463000,1175844000,1021059000
0001383414,PENNANTPARK INVESTMENT CORPORATION,2026-03-31,1258063000,818829000,439234000,
0001383414,PENNANTPARK INVESTMENT CORPORATION,2025-12-31,1293517000,836283000,457234000,
0001383414,PENNANTPARK INVESTMENT CORPORATION,2025-09-30,1349554000,885604000,463950000,
0001383414,PENNANTPARK INVESTMENT CORPORATION,2025-06-30,1252888000,772303000,480585000,
0001396440,Main Street Capital Corporation,2026-03-31,5828398000,2734754000,3093644000,2529576000
0001396440,Main Street Capital Corporation,2025-12-31,5681701000,2687808000,2993893000,2457594000
0001396440,Main Street Capital Corporation,2025-09-30,5282934000,2348359000,2934575000,2149768000
0001396440,Main Street Capital Corporation,2025-06-30,5287766000,2403549000,2884217000,2216984000
0001414932,Oaktree Specialty Lending Corporation,2026-03-31,2894417000,1512353000,1382064000,1481650000
0001414932,Oaktree Specialty Lending Corporation,2025-12-31,3098251000,1662064000,1436187000,1610022000
0001414932,Oaktree Specialty Lending Corporation,2025-09-30,3002991000,1537178000,1465813000,1486880000
0001414932,Oaktree Specialty Lending Corporation,2025-06-30,2964212000,1487743000,1476469000,1447551000
0001418076,SLR INVESTMENT CORP.,2026-03-31,2540411000,1549661000,,1138207000
0001418076,SLR INVESTMENT CORP.,2025-12-31,2572564000,1576571000,,1146354000
0001418076,SLR INVESTMENT CORP.,2025-09-30,2529892000,1536605000,,1138962000
0001418076,SLR INVESTMENT CORP.,2025-06-30,2537272000,1544923000,,1173149000
0001422183,FS KKR Capital Corp,2026-03-31,12825000000,7551000000,5274000000,7271000000
0001422183,FS KKR Capital Corp,2025-12-31,13729000000,7880000000,5849000000,7634000000
0001422183,FS KKR Capital Corp,2025-09-30,13909000000,7750000000,6159000000,7356000000
0001422183,FS KKR Capital Corp,2025-06-30,14593000000,8452000000,6141000000,8041000000
0001425355,SUI GROUP HOLDINGS LIMITED,2026-03-31,118746058,17957388,100788670,
0001425355,SUI GROUP HOLDINGS LIMITED,2025-12-31,190364976,20623297,169741679,
0001425355,SUI GROUP HOLDINGS LIMITED,2025-09-30,429147708,24039202,405108506,
0001425355,SUI GROUP HOLDINGS LIMITED,2025-06-30,20447425,191091,20256334,
0001476765,"GOLUB CAPITAL BDC, INC.",2026-03-31,8529697000,4781577000,3748120000,4702478000
0001476765,"GOLUB CAPITAL BDC, INC.",2025-12-31,8893965000,4984811000,3909154000,4879227000
0001476765,"GOLUB CAPITAL BDC, INC.",2025-09-30,8978299000,4995732000,3982567000,4900773000
0001476765,"GOLUB CAPITAL BDC, INC.",2025-06-30,9236513000,5241184000,3995329000,5127148000
0001487428,Horizon Technology Finance Corp,2026-03-31,791647000,457784000,333863000,447166000
0001487428,Horizon Technology Finance Corp,2025-12-31,811104000,492602000,318502000,473027000
0001487428,Horizon Technology Finance Corp,2025-09-30,759212000,443511000,315701000,424031000
0001487428,Horizon Technology Finance Corp,2025-06-30,726797000,443002000,283795000,425138000
0001487918,OFS CAPITAL CORPORATION,2026-03-31,315681000,206359000,109322000,
0001487918,OFS CAPITAL CORPORATION,2025-12-31,346706000,223518000,123188000,
0001487918,OFS CAPITAL CORPORATION,2025-09-30,378150000,241836000,136314000,
0001487918,OFS CAPITAL CORPORATION,2025-06-30,395442000,249246000,146196000,
0001490349,PHENIXFIN CORPORATION,2026-03-31,305574777,151763073,153811704,
0001490349,PHENIXFIN CORPORATION,2025-12-31,307381161,151559913,155821248,
0001490349,PHENIXFIN CORPORATION,2025-09-30,316909795,156135495,160774300,
0001490349,PHENIXFIN CORPORATION,2025-06-30,306810232,150116113,156694119,
0001495584,"Firsthand Technology Value Fund, Inc.",2026-03-31,186470,630527,,
0001495584,"Firsthand Technology Value Fund, Inc.",2025-12-31,270161,505289,,
0001495584,"Firsthand Technology Value Fund, Inc.",2025-09-30,811382,514835,,
0001495584,"Firsthand Technology Value Fund, Inc.",2025-06-30,1167234,419975,,
0001496099,New Mountain Finance Corporation,2026-03-31,2427217000,1377247000,1043502000,1326640000
0001496099,New Mountain Finance Corporation,2025-12-31,2902853000,1714597000,1182177000,1671052000
0001496099,New Mountain Finance Corporation,2025-09-30,3088909000,1826243000,1256626000,1765383000
0001496099,New Mountain Finance Corporation,2025-06-30,3159712000,1847876000,1305859000,1767630000
0001501729,FS Specialty Lending Fund,2025-06-30,1922640000,417605000,1505035000,
0001504619,PennantPark Floating Rate Capital Ltd.,2026-03-31,2747936000,1709279000,1038657000,
0001504619,PennantPark Floating Rate Capital Ltd.,2025-12-31,2716082000,1675653000,1040429000,
0001504619,PennantPark Floating Rate Capital Ltd.,2025-09-30,2913681000,1839165000,1074516000,
0001504619,PennantPark Floating Rate Capital Ltd.,2025-06-30,2521602000,1434089000,1087513000,
0001508655,"Sixth Street Specialty Lending, Inc.",2026-03-31,3393149000,1850476000,1542673000,1803391000
0001508655,"Sixth Street Specialty Lending, Inc.",2025-12-31,3421655000,1813934000,1607721000,1743234000
0001508655,"Sixth Street Specialty Lending, Inc.",2025-09-30,3509261000,1889554000,1619707000,1834285000
0001508655,"Sixth Street Specialty Lending, Inc.",2025-06-30,3415848000,1798202000,1617646000,1726557000
0001509470,NEOSTELLAR CAPITAL CORP.,2026-03-31,433266156,71714574,,
0001509470,NEOSTELLAR CAPITAL CORP.,2025-12-31,276018722,70702471,,
0001509470,NEOSTELLAR CAPITAL CORP.,2025-09-30,308301950,76514922,,
0001509470,NEOSTELLAR CAPITAL CORP.,2025-06-30,295053224,75643629,,
0001512931,MONROE CAPITAL CORP,2025-12-31,372963000,206473000,166490000,190760000
0001512931,MONROE CAPITAL CORP,2025-09-30,388952000,215914000,173038000,211198000
0001512931,MONROE CAPITAL CORP,2025-06-30,394617000,215025000,179592000,208578000
0001513363,FIDUS INVESTMENT Corp,2026-03-31,1444203000,702156000,742047000,682244000
0001513363,FIDUS INVESTMENT Corp,2025-12-31,1426539000,684640000,741899000,658350000
0001513363,FIDUS INVESTMENT Corp,2025-09-30,1277748000,566714000,711034000,543816000
0001513363,FIDUS INVESTMENT Corp,2025-06-30,1257460000,565163000,692297000,540255000
0001514183,"Silo Pharma, Inc.",2026-03-31,7018132,1336296,5681836,
0001514183,"Silo Pharma, Inc.",2025-12-31,7605100,1299659,6305441,
0001514183,"Silo Pharma, Inc.",2025-09-30,6384681,1375841,5008840,
0001514183,"Silo Pharma, Inc.",2025-06-30,6652507,1735424,4917083,
0001521945,"Prospect Floating Rate and Alternative Income Fund, Inc.",2026-03-31,88433195,53083774,35349421,
0001521945,"Prospect Floating Rate and Alternative Income Fund, Inc.",2025-12-31,89333535,54621889,34711646,
0001521945,"Prospect Floating Rate and Alternative Income Fund, Inc.",2025-09-30,94948791,57722999,37225792,
0001521945,"Prospect Floating Rate and Alternative Income Fund, Inc.",2025-06-30,102925390,62937253,39988137,
0001534254,CION Investment Corp,2026-03-31,1843961000,1184325000,659636000,1158183000
0001534254,CION Investment Corp,2025-12-31,1854800000,1147172000,707628000,1125580000
0001534254,CION Investment Corp,2025-09-30,1883944000,1111438000,772506000,1078522000
0001534254,CION Investment Corp,2025-06-30,1880781000,1122171000,758610000,1101640000
0001535778,"MSC Income Fund, Inc",2026-03-31,1409925000,690397000,719528000,649100000
0001535778,"MSC Income Fund, Inc",2025-12-31,1381031000,642372000,738659000,602751000
0001535778,"MSC Income Fund, Inc",2025-09-30,1298106000,563748000,734358000,528677000
0001535778,"MSC Income Fund, Inc",2025-06-30,1293067000,570279000,722788000,538602000
0001544206,"Carlyle Secured Lending, Inc.",2026-03-31,2557613000,1441052000,1116561000,1379555000
0001544206,"Carlyle Secured Lending, Inc.",2025-12-31,2790167000,1622779000,1167388000,1531210000
0001544206,"Carlyle Secured Lending, Inc.",2025-09-30,2557926000,1365326000,1192600000,1306757000
0001544206,"Carlyle Secured Lending, Inc.",2025-06-30,2574677000,1376819000,1197858000,1309518000
0001550913,"MacKenzie Realty Capital, Inc.",2026-03-31,239440124,154183226,50761564,146703673
0001550913,"MacKenzie Realty Capital, Inc.",2025-12-31,238052301,152018491,51814910,145590735
0001550913,"MacKenzie Realty Capital, Inc.",2025-09-30,241693594,151009272,56726469,142712550
0001550913,"MacKenzie Realty Capital, Inc.",2025-06-30,235992178,142450735,59858623,135338366
0001551901,Stellus Capital Investment Corp,2026-03-31,1001273253,638277732,362995521,
0001551901,Stellus Capital Investment Corp,2025-12-31,1041252306,670073350,371178956,
0001551901,Stellus Capital Investment Corp,2025-09-30,1028644337,650914010,377730327,
0001551901,Stellus Capital Investment Corp,2025-06-30,1034765726,659394836,375370890,
0001552198,"WhiteHorse Finance, Inc.",2026-03-31,606037000,355698000,250339000,324141000
0001552198,"WhiteHorse Finance, Inc.",2025-12-31,615129000,355337000,259792000,323834000
0001552198,"WhiteHorse Finance, Inc.",2025-09-30,626005000,360760000,265245000,323526000
0001552198,"WhiteHorse Finance, Inc.",2025-06-30,670908000,396158000,274750000,363177000
0001572694,"Goldman Sachs BDC, Inc.",2026-03-31,3342857000,1972868000,1369989000,1898158000
0001572694,"Goldman Sachs BDC, Inc.",2025-12-31,3383247000,1960228000,1423019000,1874620000
0001572694,"Goldman Sachs BDC, Inc.",2025-09-30,3385001000,1930172000,1454829000,1840781000
0001572694,"Goldman Sachs BDC, Inc.",2025-06-30,3410238000,1896849000,1513389000,1797397000
0001577134,"TERRA INCOME FUND 6, LLC",2025-09-30,109442642,56308339,,37602670
0001577134,"TERRA INCOME FUND 6, LLC",2025-06-30,114040015,57621862,,37232292
0001578348,"INVESTCORP CREDIT MANAGEMENT BDC, INC.",2026-03-31,164558619,111861269,52697350,109900000
0001578348,"INVESTCORP CREDIT MANAGEMENT BDC, INC.",2025-12-31,188837105,127511093,61326012,123900000
0001578348,"INVESTCORP CREDIT MANAGEMENT BDC, INC.",2025-09-30,210636079,137932753,72703326,128500000
0001578348,"INVESTCORP CREDIT MANAGEMENT BDC, INC.",2025-06-30,224064566,148080342,75984224,135500000
0001580345,TriplePoint Venture Growth BDC Corp.,2026-03-31,807089000,456110000,350979000,441876000
0001580345,TriplePoint Venture Growth BDC Corp.,2025-12-31,839649000,486028000,353621000,464437000
0001580345,TriplePoint Venture Growth BDC Corp.,2025-09-30,835513000,480460000,355053000,466124000
0001580345,TriplePoint Venture Growth BDC Corp.,2025-06-30,788250000,439573000,348677000,420498000
0001587987,"NEWTEKONE, INC.",2026-03-31,2886767000,2482076000,404691000,550471000
0001587987,"NEWTEKONE, INC.",2025-12-31,2744819000,2347249000,397570000,819888000
0001587987,"NEWTEKONE, INC.",2025-09-30,2399099000,2012392000,386707000,748549000
0001587987,"NEWTEKONE, INC.",2025-06-30,2126217000,1814037000,312180000,657327000
0001588272,"NEXPOINT CAPITAL, INC.",2026-03-31,37469358,1374404,36094954,
0001588272,"NEXPOINT CAPITAL, INC.",2025-12-31,38169968,1432034,36737934,
0001588272,"NEXPOINT CAPITAL, INC.",2025-09-30,41278601,1378406,39900195,
0001588272,"NEXPOINT CAPITAL, INC.",2025-06-30,40610612,1310384,39300228,
0001603480,TCW DIRECT LENDING LLC,2026-03-31,573517000,355464000,,
0001603480,TCW DIRECT LENDING LLC,2025-12-31,680830000,447847000,232983000,
0001603480,TCW DIRECT LENDING LLC,2025-09-30,689743000,447508000,242235000,
0001603480,TCW DIRECT LENDING LLC,2025-06-30,725032000,469162000,255870000,
0001633336,"Crescent Capital BDC, Inc.",2026-03-31,1617654000,943626000,674028000,907133000
0001633336,"Crescent Capital BDC, Inc.",2025-12-31,1622135000,916097000,706038000,873761000
0001633336,"Crescent Capital BDC, Inc.",2025-09-30,1627628000,913553000,714075000,875315000
0001633336,"Crescent Capital BDC, Inc.",2025-06-30,1654444000,929728000,724716000,887318000
0001633858,AUDAX CREDIT BDC INC.,2026-03-31,416710958,3910865,412800093,
0001633858,AUDAX CREDIT BDC INC.,2025-12-31,422871621,4316273,418555348,
0001633858,AUDAX CREDIT BDC INC.,2025-09-30,424788306,3831084,420957222,
0001633858,AUDAX CREDIT BDC INC.,2025-06-30,429059865,5586321,423473544,
0001634452,AB Private Credit Investors Corp,2026-03-31,1990199184,1273772776,716340716,
0001634452,AB Private Credit Investors Corp,2025-12-31,1980943315,1250594584,730267513,
0001634452,AB Private Credit Investors Corp,2025-09-30,1899051478,1201069412,697906200,
0001634452,AB Private Credit Investors Corp,2025-06-30,1807379145,1157655503,649651677,
0001646614,SILVER POINT SPECIALTY LENDING FUND,2026-03-31,1216719402,595760696,620958706,571590163
0001646614,SILVER POINT SPECIALTY LENDING FUND,2025-12-31,1236462193,642627074,593835119,599743222
0001646614,SILVER POINT SPECIALTY LENDING FUND,2025-09-30,1150107002,610939203,539167799,536813600
0001646614,SILVER POINT SPECIALTY LENDING FUND,2025-06-30,1080557583,539299386,541258197,463365384
0001653384,Runway Growth Finance Corp.,2026-03-31,904926000,466698000,438228000,426944000
0001653384,Runway Growth Finance Corp.,2025-12-31,960114000,475145000,484969000,435337000
0001653384,Runway Growth Finance Corp.,2025-09-30,963346000,473820000,489526000,443506000
0001653384,Runway Growth Finance Corp.,2025-06-30,1041257000,542383000,498874000,515948000
0001655050,"BAIN CAPITAL SPECIALTY FINANCE, INC.",2026-03-31,2601676000,1508121000,1093555000,1454657000
0001655050,"BAIN CAPITAL SPECIALTY FINANCE, INC.",2025-12-31,2662585000,1545175000,1117410000,1470796000
0001655050,"BAIN CAPITAL SPECIALTY FINANCE, INC.",2025-09-30,2716036000,1587489000,1128547000,1496360000
0001655050,"BAIN CAPITAL SPECIALTY FINANCE, INC.",2025-06-30,2774306000,1635271000,1139035000,1562578000
0001655887,BLUE OWL CAPITAL CORPORATION II,2026-03-31,1207329000,563176000,644153000,531334000
0001655887,BLUE OWL CAPITAL CORPORATION II,2025-12-31,1648835000,698445000,950390000,668807000
0001655887,BLUE OWL CAPITAL CORPORATION II,2025-09-30,1778090000,820450000,957640000,780949000
0001655887,BLUE OWL CAPITAL CORPORATION II,2025-06-30,1770801000,742231000,1028570000,711120000
0001655888,Blue Owl Capital Corporation,2026-03-31,16018541000,8864541000,7154000000,8454559000
0001655888,Blue Owl Capital Corporation,2025-12-31,17186365000,9789086000,7397279000,9300076000
0001655888,Blue Owl Capital Corporation,2025-09-30,17605091000,9993820000,7611271000,9528525000
0001655888,Blue Owl Capital Corporation,2025-06-30,17398476000,9716079000,7682397000,9225817000
0001661306,"Hancock Park Corporate Income, Inc.",2026-03-31,27339263,17460679,9878584,
0001661306,"Hancock Park Corporate Income, Inc.",2025-12-31,30414072,18895059,11519013,
0001661306,"Hancock Park Corporate Income, Inc.",2025-09-30,32213667,18544024,13669643,
0001661306,"Hancock Park Corporate Income, Inc.",2025-06-30,35703113,20507871,15195242,
0001674760,Silver Capital Holdings LLC,2026-03-31,480412000,157534000,322878000,148432000
0001674760,Silver Capital Holdings LLC,2025-12-31,481307000,161904000,319403000,148432000
0001674760,Silver Capital Holdings LLC,2025-09-30,472860000,161483000,311377000,148432000
0001674760,Silver Capital Holdings LLC,2025-06-30,505653000,192961000,312692000,179932000
0001675033,Great Elm Capital Corp.,2026-03-31,282764000,175287000,107477000,
0001675033,Great Elm Capital Corp.,2025-12-31,340775000,227829000,112946000,
0001675033,Great Elm Capital Corp.,2025-09-30,420049000,279951000,140098000,
0001675033,Great Elm Capital Corp.,2025-06-30,409326000,269294000,140032000,
0001702510,"Carlyle Credit Solutions, Inc.",2026-03-31,2830160000,1035607000,1794553000,984418000
0001702510,"Carlyle Credit Solutions, Inc.",2025-12-31,2813092000,1047468000,1765624000,1005834000
0001702510,"Carlyle Credit Solutions, Inc.",2025-09-30,2572940000,1099932000,1473008000,1061711000
0001702510,"Carlyle Credit Solutions, Inc.",2025-06-30,2361855000,869974000,1491881000,830410000
0001715933,TCW DIRECT LENDING VII LLC,2026-03-31,1249314000,802459000,,
0001715933,TCW DIRECT LENDING VII LLC,2025-12-31,1205245000,769481000,,
0001715933,TCW DIRECT LENDING VII LLC,2025-09-30,1124951000,670385000,,
0001715933,TCW DIRECT LENDING VII LLC,2025-06-30,1098107000,614369000,,
0001717310,"Venture Lending & Leasing IX, Inc.",2026-03-31,59263428,496111,58767317,
0001717310,"Venture Lending & Leasing IX, Inc.",2025-12-31,81991069,515601,81475468,
0001717310,"Venture Lending & Leasing IX, Inc.",2025-09-30,98519018,495792,98023226,
0001717310,"Venture Lending & Leasing IX, Inc.",2025-06-30,110739001,12538098,98200903,
0001726548,BC Partners Lending Corporation,2026-03-31,207010000,107007000,100003000,106000000
0001726548,BC Partners Lending Corporation,2025-12-31,203560000,100274000,103286000,100000000
0001726548,BC Partners Lending Corporation,2025-09-30,221630000,116209000,105421000,105000000
0001726548,BC Partners Lending Corporation,2025-06-30,218979000,113177000,105802000,92000000
0001736035,BLACKSTONE SECURED LENDING FUND,2026-03-31,14436610000,8336930000,6099680000,8033886000
0001736035,BLACKSTONE SECURED LENDING FUND,2025-12-31,14656463000,8411288000,6245175000,8080129000
0001736035,BLACKSTONE SECURED LENDING FUND,2025-09-30,14256287000,7986711000,6269576000,7656956000
0001736035,BLACKSTONE SECURED LENDING FUND,2025-06-30,13710955000,7422659000,6288296000,7090550000
0001737924,NUVEEN CHURCHILL DIRECT LENDING CORP.,2026-03-31,2048698000,1184586000,864112000,1139425000
0001737924,NUVEEN CHURCHILL DIRECT LENDING CORP.,2025-12-31,2054469000,1179289000,875180000,1114119000
0001737924,NUVEEN CHURCHILL DIRECT LENDING CORP.,2025-09-30,2042406000,1160921000,881485000,1104314000
0001737924,NUVEEN CHURCHILL DIRECT LENDING CORP.,2025-06-30,2074396000,1186658000,887738000,1114257000
0001742313,MONROE CAPITAL INCOME PLUS CORPORATION,2026-03-31,6161191000,3377825000,2783366000,3260491000
0001742313,MONROE CAPITAL INCOME PLUS CORPORATION,2025-12-31,6130288000,3299709000,2830579000,3193507000
0001742313,MONROE CAPITAL INCOME PLUS CORPORATION,2025-09-30,5600170000,2895038000,2705132000,2748236000
0001742313,MONROE CAPITAL INCOME PLUS CORPORATION,2025-06-30,5356572000,2810306000,2546266000,2721639000
0001743415,SCP Private Credit Income BDC LLC,2026-03-31,250849000,118667000,,57561000
0001743415,SCP Private Credit Income BDC LLC,2025-12-31,254797000,118956000,,65315000
0001743415,SCP Private Credit Income BDC LLC,2025-09-30,248964000,105563000,,101607000
0001743415,SCP Private Credit Income BDC LLC,2025-06-30,295086000,115504000,,112270000
0001747172,"Kayne Anderson BDC, Inc.",2026-03-31,2252359000,1173167000,1079192000,
0001747172,"Kayne Anderson BDC, Inc.",2025-12-31,2286702000,1176771000,1109931000,
0001747172,"Kayne Anderson BDC, Inc.",2025-09-30,2337968000,1197872000,1140096000,
0001747172,"Kayne Anderson BDC, Inc.",2025-06-30,2255991000,1098660000,1157331000,
0001747777,Blue Owl Technology Finance Corp.,2026-03-31,14868606000,7263153000,7605453000,6904332000
0001747777,Blue Owl Technology Finance Corp.,2025-12-31,14715011000,6673413000,8041598000,6288200000
0001747777,Blue Owl Technology Finance Corp.,2025-09-30,13400788000,5345564000,8055224000,4966719000
0001747777,Blue Owl Technology Finance Corp.,2025-06-30,13042932000,5057514000,7985418000,4752225000
0001766037,"NMF SLF I, Inc.",2026-03-31,1488323000,530396000,957927000,500650000
0001766037,"NMF SLF I, Inc.",2025-12-31,1553592000,573761000,979831000,567179000
0001766037,"NMF SLF I, Inc.",2025-09-30,1445617000,471409000,974208000,431178000
0001766037,"NMF SLF I, Inc.",2025-06-30,1458048000,486708000,971340000,402556000
0001772704,Goldman Sachs Private Middle Market Credit II LLC,2026-03-31,1625940000,676563000,949377000,582194000
0001772704,Goldman Sachs Private Middle Market Credit II LLC,2025-12-31,1699473000,748781000,950692000,627892000
0001772704,Goldman Sachs Private Middle Market Credit II LLC,2025-09-30,1878097000,827746000,1050351000,731880000
0001772704,Goldman Sachs Private Middle Market Credit II LLC,2025-06-30,1987902000,873646000,1114256000,779990000
0001779523,"Muzinich BDC, Inc.",2026-03-31,219911984,81481222,138430762,
0001779523,"Muzinich BDC, Inc.",2025-12-31,220900347,83523153,137377194,
0001779523,"Muzinich BDC, Inc.",2025-09-30,239165496,84335141,154830355,
0001779523,"Muzinich BDC, Inc.",2025-06-30,242222009,75245196,166976813,
0001782524,Morgan Stanley Direct Lending Fund,2026-03-31,3824803000,2134336000,1690467000,2053053000
0001782524,Morgan Stanley Direct Lending Fund,2025-12-31,3920096000,2172007000,1748089000,2086672000
0001782524,Morgan Stanley Direct Lending Fund,2025-09-30,3932283000,2160672000,1771611000,2072400000
0001782524,Morgan Stanley Direct Lending Fund,2025-06-30,3921890000,2131591000,1790299000,2050254000
0001784700,VARAGON CAPITAL CORPORATION,2026-03-31,861863000,486651000,375212000,
0001784700,VARAGON CAPITAL CORPORATION,2025-12-31,895829000,512260000,383569000,
0001784700,VARAGON CAPITAL CORPORATION,2025-09-30,864409000,479832000,384577000,
0001784700,VARAGON CAPITAL CORPORATION,2025-06-30,863070000,481544000,381526000,
0001786108,Trinity Capital Inc.,2026-03-31,2555832000,1389577000,1166255000,1359400000
0001786108,Trinity Capital Inc.,2025-12-31,2484519000,1390520000,1093999000,1305800000
0001786108,Trinity Capital Inc.,2025-09-30,2246935000,1248671000,998264000,1185500000
0001786108,Trinity Capital Inc.,2025-06-30,2045024000,1121456000,923568000,1061300000
0000000000,STAR MOUNTAIN LOWER MIDDLE-MARKET CAPITAL CORP.,2026-03-31,394823951,161041179,233782772,
0000000000,STAR MOUNTAIN LOWER MIDDLE-MARKET CAPITAL CORP.,2025-12-31,386385934,149154915,237231019,
0000000000,STAR MOUNTAIN LOWER MIDDLE-MARKET CAPITAL CORP.,2025-09-30,374920691,130948451,243972240,
0000000000,STAR MOUNTAIN LOWER MIDDLE-MARKET CAPITAL CORP.,2025-06-30,374161456,129113712,245047744,
0001792509,TriplePoint Private Venture Credit Inc.,2026-03-31,399853000,140192000,259661000,
0001792509,TriplePoint Private Venture Credit Inc.,2025-12-31,397071000,149277000,247794000,141000000
0001792509,TriplePoint Private Venture Credit Inc.,2025-09-30,373094000,127260000,245834000,
0001792509,TriplePoint Private Venture Credit Inc.,2025-06-30,353831000,104327000,249504000,
0001794776,Palmer Square Capital BDC Inc.,2026-03-31,1166125124,752342366,413782758,
0001794776,Palmer Square Capital BDC Inc.,2025-12-31,1219375759,755252587,464123172,
0001794776,Palmer Square Capital BDC Inc.,2025-09-30,1281521793,791076580,490445213,
0001794776,Palmer Square Capital BDC Inc.,2025-06-30,1314814526,809601086,505213440,
0001803498,Blackstone Private Credit Fund,2026-03-31,84828299000,39792863000,45035436000,
0001803498,Blackstone Private Credit Fund,2025-12-31,85992162000,38380076000,47612086000,
0001803498,Blackstone Private Credit Fund,2025-09-30,80341610000,33602480000,46739130000,
0001803498,Blackstone Private Credit Fund,2025-06-30,76712228000,32393530000,44318698000,
0001811972,Barings Capital Investment Corporation,2026-03-31,1371840000,639657000,732183000,99955000
0001811972,Barings Capital Investment Corporation,2025-12-31,1404070000,675013000,729057000,99943000
0001811972,Barings Capital Investment Corporation,2025-09-30,1427454000,706836000,720618000,99930000
0001811972,Barings Capital Investment Corporation,2025-06-30,1454955000,742895000,712060000,99918000
0001812554,BLUE OWL CREDIT INCOME CORP.,2026-03-31,36907971000,17760824000,19147147000,16358006000
0001812554,BLUE OWL CREDIT INCOME CORP.,2025-12-31,37010766000,17250493000,19760273000,15590329000
0001812554,BLUE OWL CREDIT INCOME CORP.,2025-09-30,34794643000,15473091000,19321552000,14522776000
0001812554,BLUE OWL CREDIT INCOME CORP.,2025-06-30,33334523000,15839477000,17495046000,14671718000
0001817825,Steele Creek Capital Corp,2026-03-31,122118000,71631000,50487000,
0001817825,Steele Creek Capital Corp,2025-12-31,127492000,74044000,53448000,
0001817825,Steele Creek Capital Corp,2025-09-30,134673000,79673000,55000000,
0001817825,Steele Creek Capital Corp,2025-06-30,136614000,81187000,55427000,
0001822523,ADVANCED FLOWER CAPITAL INC.,2026-03-31,394876923,209058031,185818892,
0001822523,ADVANCED FLOWER CAPITAL INC.,2025-12-31,275594747,100026760,175567987,
0001822523,ADVANCED FLOWER CAPITAL INC.,2025-09-30,288717219,119378396,169338823,
0001822523,ADVANCED FLOWER CAPITAL INC.,2025-06-30,290589955,105858881,184731074,
0001825248,Franklin BSP Capital Corp,2026-03-31,4192198000,2283109000,1831650000,2189355000
0001825248,Franklin BSP Capital Corp,2025-12-31,4247887000,2330383000,1840070000,2245118000
0001825248,Franklin BSP Capital Corp,2025-09-30,4308074000,2387097000,1843547000,2303720000
0001825248,Franklin BSP Capital Corp,2025-06-30,4289541000,2359369000,1852747000,2280890000
0001825265,TCW DIRECT LENDING VIII LLC,2026-03-31,1380848000,565251000,,
0001825265,TCW DIRECT LENDING VIII LLC,2025-12-31,1267900000,448800000,,
0001825265,TCW DIRECT LENDING VIII LLC,2025-09-30,1378571000,531552000,,
0001825265,TCW DIRECT LENDING VIII LLC,2025-06-30,1300537000,476967000,,
0001825384,Stone Point Credit Corporation,2026-03-31,3050343000,1669944000,1380399000,1613450000
0001825384,Stone Point Credit Corporation,2025-12-31,2963047000,1593665000,1369382000,1544985000
0001825384,Stone Point Credit Corporation,2025-09-30,2850748000,1535217000,1315531000,1467479000
0001825384,Stone Point Credit Corporation,2025-06-30,2744476000,1475165000,1269311000,1424429000
0001832148,SLR HC BDC LLC,2026-03-31,100872000,43036000,,
0001832148,SLR HC BDC LLC,2025-12-31,89645000,44807000,,
0001832148,SLR HC BDC LLC,2025-09-30,86703000,53655000,,
0001832148,SLR HC BDC LLC,2025-06-30,77676000,50540000,,
0001834543,BLACKROCK DIRECT LENDING CORP.,2026-03-31,227206838,1338007,225868831,96590
0001834543,BLACKROCK DIRECT LENDING CORP.,2025-12-31,262124305,1179072,260945233,96457
0001834543,BLACKROCK DIRECT LENDING CORP.,2025-09-30,279037122,1348383,277688739,96320
0001834543,BLACKROCK DIRECT LENDING CORP.,2025-06-30,283271195,4313680,278957515,96184
0001837532,Apollo Debt Solutions BDC,2026-03-31,26933918000,12489231000,14444687000,10527741000
0001837532,Apollo Debt Solutions BDC,2025-12-31,25897540000,11127332000,14770208000,9485967000
0001837532,Apollo Debt Solutions BDC,2025-09-30,24631141000,10364985000,14266156000,8208453000
0001837532,Apollo Debt Solutions BDC,2025-06-30,21820747000,8679834000,13140913000,7056677000
0001838126,HPS CORPORATE LENDING FUND,2026-03-31,26289900000,13854926000,12434974000,
0001838126,HPS CORPORATE LENDING FUND,2025-12-31,26304427000,13867596000,12436831000,
0001838126,HPS CORPORATE LENDING FUND,2025-09-30,24590618000,12871023000,11719595000,
0001838126,HPS CORPORATE LENDING FUND,2025-06-30,21396626000,10713713000,10682913000,
0001841514,"Commonwealth Credit Partners BDC I, Inc.",2026-03-31,637752000,85997000,551755000,
0001841514,"Commonwealth Credit Partners BDC I, Inc.",2025-12-31,662690000,104335000,558355000,
0001841514,"Commonwealth Credit Partners BDC I, Inc.",2025-09-30,666188000,101269000,564919000,
0001841514,"Commonwealth Credit Partners BDC I, Inc.",2025-06-30,652087000,114691000,537396000,
0001843162,"Chicago Atlantic BDC, Inc.",2026-03-31,373130480,68946019,304184461,
0001843162,"Chicago Atlantic BDC, Inc.",2025-12-31,341996454,38588380,303408074,
0001843162,"Chicago Atlantic BDC, Inc.",2025-09-30,327253579,24333000,302920579,
0001843162,"Chicago Atlantic BDC, Inc.",2025-06-30,331750419,29906856,301843563,
0001849089,"LAFAYETTE SQUARE USA, INC.",2026-03-31,1031542000,601957000,429585000,
0001849089,"LAFAYETTE SQUARE USA, INC.",2025-12-31,1003473000,592144000,411329000,
0001849089,"LAFAYETTE SQUARE USA, INC.",2025-09-30,944381000,555703000,388678000,
0001849089,"LAFAYETTE SQUARE USA, INC.",2025-06-30,867544000,504449000,363095000,
0001849894,MSD Investment Corp.,2026-03-31,7012012000,3737689000,3274323000,3620145000
0001849894,MSD Investment Corp.,2025-12-31,6590450000,3312098000,3278352000,3208605000
0001849894,MSD Investment Corp.,2025-09-30,5946676000,3177562000,2769114000,3060524000
0001849894,MSD Investment Corp.,2025-06-30,5223255000,2765515000,2457740000,2652377000
0001850787,"Kayne DL 2021, Inc.",2026-03-31,358439000,8591000,349848000,
0001850787,"Kayne DL 2021, Inc.",2025-12-31,359672000,9569000,350103000,
0001850787,"Kayne DL 2021, Inc.",2025-09-30,359241000,9309000,349932000,
0001850787,"Kayne DL 2021, Inc.",2025-06-30,332899000,8221000,324678000,
0001850938,"WTI Fund X, Inc.",2026-03-31,373654582,183992228,189662354,
0001850938,"WTI Fund X, Inc.",2025-12-31,429457472,236425122,193032350,
0001850938,"WTI Fund X, Inc.",2025-09-30,429232967,219708184,209524783,
0001850938,"WTI Fund X, Inc.",2025-06-30,444277862,218961736,225316126,
0001851322,North Haven Private Income Fund LLC,2026-03-31,6695908000,3466168000,3229740000,3202612000
0001851322,North Haven Private Income Fund LLC,2025-12-31,6973120000,3593292000,3379828000,3290766000
0001851322,North Haven Private Income Fund LLC,2025-09-30,6935384000,3454306000,3481078000,3227050000
0001851322,North Haven Private Income Fund LLC,2025-06-30,6859323000,3379175000,3480148000,3118463000
0001859919,Barings Private Credit Corporation,2026-03-31,5550664000,2616472000,2934192000,
0001859919,Barings Private Credit Corporation,2025-12-31,5133708000,2292337000,2841371000,
0001859919,Barings Private Credit Corporation,2025-09-30,4937367000,2291545000,2645822000,
0001859919,Barings Private Credit Corporation,2025-06-30,4259300000,1875430000,2383870000,
0001860424,Onex Direct Lending BDC Fund,2026-03-31,387387898,221032419,166355479,
0001860424,Onex Direct Lending BDC Fund,2025-12-31,417847630,223745842,194101788,
0001860424,Onex Direct Lending BDC Fund,2025-09-30,476461215,265545695,210915520,
0001860424,Onex Direct Lending BDC Fund,2025-06-30,511586653,280139196,231447457,
0001865174,Goldman Sachs Middle Market Lending Corp. II,2025-06-30,912756000,455896000,456860000,449025000
0001868878,Golub Capital Direct Lending Corporation,2026-03-31,881858000,341024000,540834000,333264000
0001868878,Golub Capital Direct Lending Corporation,2025-12-31,889433000,343177000,546256000,327383000
0001868878,Golub Capital Direct Lending Corporation,2025-09-30,876322000,330100000,546222000,312784000
0001868878,Golub Capital Direct Lending Corporation,2025-06-30,863771000,317583000,546188000,301156000
0001869453,BLUE OWL TECHNOLOGY INCOME CORP,2026-03-31,5438759000,2603602000,2835157000,2371277000
0001869453,BLUE OWL TECHNOLOGY INCOME CORP,2025-12-31,6495389000,2915241000,3580148000,2803356000
0001869453,BLUE OWL TECHNOLOGY INCOME CORP,2025-09-30,6392493000,2967000000,3425493000,2684902000
0001869453,BLUE OWL TECHNOLOGY INCOME CORP,2025-06-30,6068947000,2762978000,3305969000,2537896000
0001870267,Redwood Enhanced Income Corp.,2025-09-30,365858000,165137000,200721000,155388000
0001870267,Redwood Enhanced Income Corp.,2025-06-30,412856000,209118000,203738000,196992000
0001872371,Oaktree Strategic Credit Fund,2026-03-31,7425453000,3022784000,4402669000,2613000000
0001872371,Oaktree Strategic Credit Fund,2025-12-31,7750352000,3086789000,4663563000,2755600000
0001872371,Oaktree Strategic Credit Fund,2025-09-30,7282434000,2740629000,4541805000,2499400000
0001872371,Oaktree Strategic Credit Fund,2025-06-30,6998196000,2781436000,4216760000,2409400000
0001885968,T Series BDC LLC,2026-03-31,2296616000,1139499000,1157117000,1092755000
0001885968,T Series BDC LLC,2025-12-31,2283926000,1160219000,1123707000,1112958000
0001885968,T Series BDC LLC,2025-09-30,2140630000,1032057000,1108573000,982959000
0001885968,T Series BDC LLC,2025-06-30,2151917000,1065371000,1086546000,1016960000
0001890107,First Eagle Private Credit Fund,2025-12-31,651820000,349940000,301880000,
0001890107,First Eagle Private Credit Fund,2025-09-30,718186000,415669000,302517000,
0001890107,First Eagle Private Credit Fund,2025-06-30,708558000,409454000,299104000,
0001895316,BRIGHTWOOD CAPITAL CORPORATION I,2026-03-31,881306000,459597000,421709000,
0001895316,BRIGHTWOOD CAPITAL CORPORATION I,2025-12-31,836487000,435289000,401198000,
0001895316,BRIGHTWOOD CAPITAL CORPORATION I,2025-09-30,901753000,491633000,410120000,
0001895316,BRIGHTWOOD CAPITAL CORPORATION I,2025-06-30,857062000,434887000,422175000,
0001899017,BAIN CAPITAL PRIVATE CREDIT,2026-03-31,2089533000,1083726000,1005807000,1043996000
0001899017,BAIN CAPITAL PRIVATE CREDIT,2025-12-31,1747187000,820529000,926658000,790331000
0001899017,BAIN CAPITAL PRIVATE CREDIT,2025-09-30,1462681000,700434000,762247000,671033000
0001899017,BAIN CAPITAL PRIVATE CREDIT,2025-06-30,1274471000,629971000,644500000,592135000
0001899996,Fidelity Private Credit Company LLC,2026-03-31,1714280472,916975872,797304600,
0001899996,Fidelity Private Credit Company LLC,2025-12-31,1698856204,916142239,782713965,
0001899996,Fidelity Private Credit Company LLC,2025-09-30,1616897402,831840269,785057133,
0001899996,Fidelity Private Credit Company LLC,2025-06-30,1671638048,866013984,805624064,
0001901037,STELLUS PRIVATE CREDIT BDC,2026-03-31,410565306,214116756,196448550,
0001901037,STELLUS PRIVATE CREDIT BDC,2025-12-31,404727054,205100339,199626715,
0001901037,STELLUS PRIVATE CREDIT BDC,2025-09-30,384843161,196067870,188775291,
0001901037,STELLUS PRIVATE CREDIT BDC,2025-06-30,345800563,175635086,170165477,
0001901164,T. Rowe Price OHA Select Private Credit Fund,2026-03-31,3152168000,1513766000,1638402000,1468910000
0001901164,T. Rowe Price OHA Select Private Credit Fund,2025-12-31,3081289000,1493043000,1588246000,1441856000
0001901164,T. Rowe Price OHA Select Private Credit Fund,2025-09-30,2759432000,1258308000,1501124000,1200679000
0001901164,T. Rowe Price OHA Select Private Credit Fund,2025-06-30,2589463000,1197473000,1391990000,1124081000
0001901606,Golub Capital Direct Lending Unlevered Corporation,2026-03-31,403378000,3098000,400280000,0
0001901606,Golub Capital Direct Lending Unlevered Corporation,2025-12-31,409344000,7757000,401587000,0
0001901606,Golub Capital Direct Lending Unlevered Corporation,2025-09-30,409772000,8185000,401587000,0
0001901606,Golub Capital Direct Lending Unlevered Corporation,2025-06-30,381232000,7729000,373503000,0
0001901612,"Golub Capital BDC 4, Inc.",2026-03-31,2566283000,1353894000,1212389000,1326897000
0001901612,"Golub Capital BDC 4, Inc.",2025-12-31,2545329000,1375940000,1169389000,1312640000
0001901612,"Golub Capital BDC 4, Inc.",2025-09-30,2297415000,1228860000,1068555000,1181274000
0001901612,"Golub Capital BDC 4, Inc.",2025-06-30,2217562000,1221595000,995967000,1186232000
0001902649,BlackRock Private Credit Fund,2026-03-31,2669525524,1012296319,1657229205,921742257
0001902649,BlackRock Private Credit Fund,2025-12-31,2517911228,939178481,1578732747,834215865
0001902649,BlackRock Private Credit Fund,2025-09-30,2142302058,889718736,1252583322,817628385
0001902649,BlackRock Private Credit Fund,2025-06-30,1818275226,908641510,909633716,787981946
0001905824,PIMCO Capital Solutions BDC Corp.,2026-03-31,209770000,39503000,170267000,35132000
0001905824,PIMCO Capital Solutions BDC Corp.,2025-12-31,212761000,39419000,173342000,34620000
0001905824,PIMCO Capital Solutions BDC Corp.,2025-09-30,232539000,32422000,200117000,29320000
0001905824,PIMCO Capital Solutions BDC Corp.,2025-06-30,268906000,63547000,205359000,54453000
0001911066,Nuveen Churchill Private Capital Income Fund,2026-03-31,2513978000,1066571000,1447407000,994000000
0001911066,Nuveen Churchill Private Capital Income Fund,2025-12-31,2226562000,838433000,1388129000,795500000
0001911066,Nuveen Churchill Private Capital Income Fund,2025-09-30,2051198000,792154000,1259044000,744000000
0001911066,Nuveen Churchill Private Capital Income Fund,2025-06-30,2013773000,927255000,1086518000,894639000
0001911321,Kennedy Lewis Capital Company,2026-03-31,1175892496,431070121,744822375,
0001911321,Kennedy Lewis Capital Company,2025-12-31,1214271656,507503632,706768024,
0001911321,Kennedy Lewis Capital Company,2025-09-30,1091643766,476685088,614958678,
0001911321,Kennedy Lewis Capital Company,2025-06-30,1073730780,507309474,566421306,
0001913724,TPG Twin Brook Capital Income Fund,2026-03-31,4662060000,2112498000,2549562000,
0001913724,TPG Twin Brook Capital Income Fund,2025-12-31,4512768000,2127878000,2384890000,
0001913724,TPG Twin Brook Capital Income Fund,2025-09-30,4100234000,1970498000,2129736000,
0001913724,TPG Twin Brook Capital Income Fund,2025-06-30,3788416000,1873761000,1914655000,
0001916099,Diameter Credit Company,2026-03-31,3021387000,1521173000,1498714000,1435818000
0001916099,Diameter Credit Company,2025-12-31,2951915000,1552091000,1398324000,1403801000
0001916099,Diameter Credit Company,2025-09-30,2462232000,1318324000,1142408000,1193534000
0001916099,Diameter Credit Company,2025-06-30,1888872000,1000862000,886510000,923841000
0001916608,TCW STAR DIRECT LENDING LLC,2026-03-31,232002000,18472000,,
0001916608,TCW STAR DIRECT LENDING LLC,2025-12-31,215438000,8419000,,
0001916608,TCW STAR DIRECT LENDING LLC,2025-09-30,224003000,7668000,,
0001916608,TCW STAR DIRECT LENDING LLC,2025-06-30,204949000,5801000,,
0001918712,ARES STRATEGIC INCOME FUND,2026-03-31,22350746000,11847196000,10503550000,11021485000
0001918712,ARES STRATEGIC INCOME FUND,2025-12-31,22709160000,12203116000,10506044000,11160596000
0001918712,ARES STRATEGIC INCOME FUND,2025-09-30,20550468000,10388497000,10161971000,8882838000
0001918712,ARES STRATEGIC INCOME FUND,2025-06-30,16826197000,8402517000,8423680000,6825254000
0001919369,Vista Credit Strategic Lending Corp.,2026-03-31,1670677000,708280000,962397000,
0001919369,Vista Credit Strategic Lending Corp.,2025-12-31,1535307000,588604000,946703000,
0001919369,Vista Credit Strategic Lending Corp.,2025-09-30,1198437000,614890000,583547000,
0001919369,Vista Credit Strategic Lending Corp.,2025-06-30,781633000,282738000,498895000,
0001920145,Goldman Sachs Private Credit Corp.,2026-03-31,17512572000,8335511000,9177061000,7585358000
0001920145,Goldman Sachs Private Credit Corp.,2025-12-31,16314857000,7674351000,8640506000,7061721000
0001920145,Goldman Sachs Private Credit Corp.,2025-09-30,12389992000,4443688000,7946304000,4010220000
0001920145,Goldman Sachs Private Credit Corp.,2025-06-30,10157169000,3154462000,7002707000,2722573000
0001920453,Fidelity Private Credit Fund,2026-03-31,2556398515,1223730717,1332667798,210000000
0001920453,Fidelity Private Credit Fund,2025-12-31,2359180649,1083337874,1275842775,210000000
0001920453,Fidelity Private Credit Fund,2025-09-30,2119975164,956160715,1163814449,210000000
0001920453,Fidelity Private Credit Fund,2025-06-30,1950895971,910810578,1040085393,210000000
0001923622,PGIM Private Credit Fund,2026-03-31,427881000,161138000,266743000,
0001923622,PGIM Private Credit Fund,2025-12-31,383924000,179255000,204669000,
0001923622,PGIM Private Credit Fund,2025-09-30,270252000,87497000,182755000,
0001923622,PGIM Private Credit Fund,2025-06-30,263456000,100042000,163414000,
0001925309,Sixth Street Lending Partners,2026-03-31,8882960000,4697314000,4185646000,4494426000
0001925309,Sixth Street Lending Partners,2025-12-31,8691301000,4520813000,4170488000,4132825000
0001925309,Sixth Street Lending Partners,2025-09-30,9139146000,4843921000,4295225000,4641519000
0001925309,Sixth Street Lending Partners,2025-06-30,8657337000,4445084000,4212253000,4193934000
0001925531,"New Mountain Guardian IV BDC, L.L.C.",2026-03-31,2092623000,911631000,,858366000
0001925531,"New Mountain Guardian IV BDC, L.L.C.",2025-12-31,2053598000,846790000,,809976000
0001925531,"New Mountain Guardian IV BDC, L.L.C.",2025-09-30,1734829000,863806000,,815787000
0001925531,"New Mountain Guardian IV BDC, L.L.C.",2025-06-30,1670690000,857948000,,769875000
0001930087,Golub Capital Private Credit Fund,2026-03-31,10296659000,5747426000,4549233000,5452291000
0001930087,Golub Capital Private Credit Fund,2025-12-31,10209714000,5737061000,4472653000,5384145000
0001930087,Golub Capital Private Credit Fund,2025-09-30,9136573000,5077104000,4059469000,4661461000
0001930087,Golub Capital Private Credit Fund,2025-06-30,6851504000,3812170000,3039334000,3597822000
0001930679,KKR FS Income Trust,2026-03-31,2801930000,1152650000,1649280000,
0001930679,KKR FS Income Trust,2025-12-31,2751089000,1208928000,1542161000,
0001930679,KKR FS Income Trust,2025-09-30,2091197000,687824000,1403373000,
0001930679,KKR FS Income Trust,2025-06-30,1690391000,552648000,1137743000,
0001932591,SLR Private Credit BDC II LLC,2026-03-31,48675000,29219000,,
0001932591,SLR Private Credit BDC II LLC,2025-12-31,51414000,32303000,,
0001932591,SLR Private Credit BDC II LLC,2025-09-30,44565000,28544000,,
0001932591,SLR Private Credit BDC II LLC,2025-06-30,43056000,27052000,,
0001938649,"Partners Group Lending Fund, LLC",2026-03-31,532803000,260275000,532803000,243000000
0001938649,"Partners Group Lending Fund, LLC",2025-12-31,536029000,261186000,536029000,226000000
0001944831,Willow Tree Capital Corp,2026-03-31,937024000,515945000,421079000,491580000
0001944831,Willow Tree Capital Corp,2025-12-31,941902000,554258000,387644000,531190000
0001944831,Willow Tree Capital Corp,2025-09-30,829407000,488355000,341052000,473150000
0001944831,Willow Tree Capital Corp,2025-06-30,732486000,433563000,298923000,400081000
0001948368,Phillip Street BDC LLC,2026-03-31,987176000,438068000,549108000,428350000
0001948368,Phillip Street BDC LLC,2025-12-31,946694000,469709000,476985000,449850000
0001948368,Phillip Street BDC LLC,2025-09-30,822190000,381358000,440832000,372100000
0001948368,Phillip Street BDC LLC,2025-06-30,750229000,320498000,429731000,312100000
0001950572,BIP Ventures Evergreen BDC,2026-03-31,166910378,3706016,,
0001950572,BIP Ventures Evergreen BDC,2025-12-31,163923975,7272463,,
0001950572,BIP Ventures Evergreen BDC,2025-09-30,141970933,3644315,,
0001950572,BIP Ventures Evergreen BDC,2025-06-30,128598345,3831977,,
0001950803,StepStone Private Credit Fund LLC,2026-03-31,3442769000,1353837000,2088932000,
0001950803,StepStone Private Credit Fund LLC,2025-12-31,3198869000,1334402000,1864467000,
0001950803,StepStone Private Credit Fund LLC,2025-09-30,2731596000,1222331000,1509265000,
0001950803,StepStone Private Credit Fund LLC,2025-06-30,2207944760,953034806,1254909954,
0001950976,"26North BDC, Inc.",2026-03-31,1644950000,829332000,815618000,801840000
0001950976,"26North BDC, Inc.",2025-12-31,1437832000,829703000,608129000,779160000
0001950976,"26North BDC, Inc.",2025-09-30,1278208000,676019000,602189000,662890000
0001950976,"26North BDC, Inc.",2025-06-30,1021602000,546629000,474973000,534670000
0001954360,CRESCENT PRIVATE CREDIT INCOME CORP.,2026-03-31,1015964000,512490000,503474000,457969000
0001954360,CRESCENT PRIVATE CREDIT INCOME CORP.,2025-12-31,982207000,517138000,465069000,413099000
0001954360,CRESCENT PRIVATE CREDIT INCOME CORP.,2025-09-30,661183000,283244000,377939000,257136000
0001954360,CRESCENT PRIVATE CREDIT INCOME CORP.,2025-06-30,563317000,300353000,262964000,191588000
0001955010,OHA SENIOR PRIVATE LENDING FUND (U) LLC,2026-03-31,462666000,3297000,459369000,
0001955010,OHA SENIOR PRIVATE LENDING FUND (U) LLC,2025-12-31,483251000,17588000,465663000,
0001955010,OHA SENIOR PRIVATE LENDING FUND (U) LLC,2025-09-30,487405000,5820000,481585000,
0001955010,OHA SENIOR PRIVATE LENDING FUND (U) LLC,2025-06-30,492457000,4195000,488262000,
0001959568,"Senior Credit Investments, LLC",2026-03-31,627871000,366779000,,359063000
0001959568,"Senior Credit Investments, LLC",2025-12-31,571632000,339627000,,332579000
0001959568,"Senior Credit Investments, LLC",2025-09-30,514422000,307163000,,300032000
0001959568,"Senior Credit Investments, LLC",2025-06-30,442274000,266795000,,261032000
0001959604,Jefferies Credit Partners BDC Inc.,2026-03-31,1892718000,1077039000,,1038060000
0001959604,Jefferies Credit Partners BDC Inc.,2025-12-31,1630769000,953769000,,919149000
0001959604,Jefferies Credit Partners BDC Inc.,2025-09-30,1394761000,782073000,,731199000
0001959604,Jefferies Credit Partners BDC Inc.,2025-06-30,1140444000,652750000,,622985000
0001965934,Overland Advantage,2026-03-31,1606010000,869812000,736198000,
0001965934,Overland Advantage,2025-12-31,1593342000,861052000,732290000,
0001965934,Overland Advantage,2025-09-30,1394384000,741726000,652658000,
0001965934,Overland Advantage,2025-06-30,1447240000,797341000,649899000,
0001973476,North Haven Private Income Fund A LLC,2026-03-31,624283000,317640000,306643000,295172000
0001973476,North Haven Private Income Fund A LLC,2025-12-31,615648000,314603000,301045000,274206000
0001973476,North Haven Private Income Fund A LLC,2025-09-30,470342000,195231000,275111000,185207000
0001973476,North Haven Private Income Fund A LLC,2025-06-30,410008000,156989000,253019000,141215000
0001974793,"Oaktree Gardens OLP, LLC",2026-03-31,971554000,521082000,450472000,511000000
0001974793,"Oaktree Gardens OLP, LLC",2025-12-31,1007973000,556815000,451158000,545000000
0001974793,"Oaktree Gardens OLP, LLC",2025-09-30,989537000,537068000,452469000,528500000
0001974793,"Oaktree Gardens OLP, LLC",2025-06-30,986559000,535262000,451297000,530458000
0001975736,KKR FS Income Trust Select,2026-03-31,1635149000,617469000,1017680000,
0001975736,KKR FS Income Trust Select,2025-12-31,1583527000,639910000,943617000,
0001975736,KKR FS Income Trust Select,2025-09-30,1175747000,360818000,814929000,
0001975736,KKR FS Income Trust Select,2025-06-30,910289000,253979000,656310000,
0001976336,Antares Private Credit Fund,2026-03-31,1776000000,980439000,795561000,960698000
0001976336,Antares Private Credit Fund,2025-12-31,1700727000,967659000,733068000,942757000
0001976336,Antares Private Credit Fund,2025-09-30,1451936000,748717000,703219000,715046000
0001976336,Antares Private Credit Fund,2025-06-30,1310080000,639237000,670843000,610683000
0001976719,"New Mountain Guardian IV Income Fund, L.L.C.",2026-03-31,515926000,14080000,,
0001976719,"New Mountain Guardian IV Income Fund, L.L.C.",2025-12-31,520700000,11287000,,
0001976719,"New Mountain Guardian IV Income Fund, L.L.C.",2025-09-30,451768000,28436000,,
0001976719,"New Mountain Guardian IV Income Fund, L.L.C.",2025-06-30,424722000,41674000,,
0001979306,"ANDALUSIAN CREDIT COMPANY, LLC",2026-03-31,422179000,79147000,343032000,
0001979306,"ANDALUSIAN CREDIT COMPANY, LLC",2025-12-31,346640000,7240000,339400000,
0001979306,"ANDALUSIAN CREDIT COMPANY, LLC",2025-09-30,326483756,60891322,265592434,
0001979306,"ANDALUSIAN CREDIT COMPANY, LLC",2025-06-30,235087073,1518105,233568968,
0001982701,AB PRIVATE LENDING FUND,2026-03-31,394382984,227502295,,
0001982701,AB PRIVATE LENDING FUND,2025-12-31,350827509,187819262,,
0001982701,AB PRIVATE LENDING FUND,2025-09-30,323353883,173411631,,
0001982701,AB PRIVATE LENDING FUND,2025-06-30,278868832,150328787,,
0001983514,LGAM Private Credit LLC,2026-03-31,534043000,291475000,242568000,274700000
0001983514,LGAM Private Credit LLC,2025-12-31,487981000,267063000,220918000,261700000
0001983514,LGAM Private Credit LLC,2025-09-30,370259000,177613000,192646000,172700000
0001983514,LGAM Private Credit LLC,2025-06-30,307660000,144765000,162895000,140600000
0001984739,Investcorp US Private Credit BDC II,2026-03-31,59349335,26112233,33237102,
0001984739,Investcorp US Private Credit BDC II,2025-12-31,42163120,15851158,26311962,
0001985375,"Muzinich Corporate Lending Income Fund, Inc.",2026-03-31,98948403,2073584,96874819,
0001985375,"Muzinich Corporate Lending Income Fund, Inc.",2025-12-31,98041169,1694657,96346512,
0001985375,"Muzinich Corporate Lending Income Fund, Inc.",2025-09-30,97974404,1060984,96913420,
0001985375,"Muzinich Corporate Lending Income Fund, Inc.",2025-06-30,99398285,2611219,96787066,
0001987221,John Hancock Comvest Private Income Fund,2026-03-31,910948000,443664000,467284000,
0001987221,John Hancock Comvest Private Income Fund,2025-12-31,959412000,488774000,470638000,
0001987221,John Hancock Comvest Private Income Fund,2025-09-30,857283000,406417000,450866000,
0001987221,John Hancock Comvest Private Income Fund,2025-06-30,724187000,363824000,360363000,
0001987731,"WTI Fund XI, Inc.",2026-03-31,83908525,52943198,30965327,
0001987731,"WTI Fund XI, Inc.",2025-12-31,57090572,30696831,26393741,
0001987731,"WTI Fund XI, Inc.",2025-09-30,54530051,36369422,18160629,
0001987731,"WTI Fund XI, Inc.",2025-06-30,46980969,28094211,18886758,
0001988280,MANULIFE PRIVATE CREDIT FUND,2026-03-31,322685445,153092563,,
0001988280,MANULIFE PRIVATE CREDIT FUND,2025-12-31,319940094,149170007,,
0001988280,MANULIFE PRIVATE CREDIT FUND,2025-09-30,261026256,89551983,,
0001988280,MANULIFE PRIVATE CREDIT FUND,2025-06-30,225296734,54075059,,
0001989817,HPS Corporate Capital Solutions Fund,2026-03-31,2346143000,1032183000,1313960000,
0001989817,HPS Corporate Capital Solutions Fund,2025-12-31,2241722000,993708000,1248014000,
0001989817,HPS Corporate Capital Solutions Fund,2025-09-30,2052842000,955183000,1097659000,
0001989817,HPS Corporate Capital Solutions Fund,2025-06-30,1687108000,714539000,972569000,
0001993402,Antares Strategic Credit Fund,2026-03-31,4611867000,2454116000,2157751000,2384898000
0001993402,Antares Strategic Credit Fund,2025-12-31,4312296000,2294691000,2017605000,2128971000
0001993402,Antares Strategic Credit Fund,2025-09-30,3637626000,1740656000,1896970000,1638244000
0001993402,Antares Strategic Credit Fund,2025-06-30,3240462000,1547527000,1692935000,1434324000
0001998387,5C Lending Partners Corp.,2026-03-31,736687000,442917000,293770000,434078000
0001998387,5C Lending Partners Corp.,2025-12-31,601751000,360445000,241306000,351968000
0001998387,5C Lending Partners Corp.,2025-09-30,511458000,310919000,200539000,306310000
0001998387,5C Lending Partners Corp.,2025-06-30,279160000,156965000,122195000,153800000
0001999538,X1 CAPITAL INC.,2026-03-31,44698509,15092713,29605796,14560000
0001999538,X1 CAPITAL INC.,2025-12-31,51860724,15163763,36696961,14677000
0001999538,X1 CAPITAL INC.,2025-09-30,39554385,12306589,27247796,11981000
0001999538,X1 CAPITAL INC.,2025-06-30,6005,5,6000,
0002006758,MIDCAP APOLLO INSTITUTIONAL PRIVATE LENDING,2026-03-31,964691000,583249000,381442000,564469000
0002006758,MIDCAP APOLLO INSTITUTIONAL PRIVATE LENDING,2025-12-31,968335000,571581000,396754000,553694000
0002006758,MIDCAP APOLLO INSTITUTIONAL PRIVATE LENDING,2025-09-30,933985000,531073000,,511496000
0002006758,MIDCAP APOLLO INSTITUTIONAL PRIVATE LENDING,2025-06-30,958819000,575840000,,556456000
0002008748,Lord Abbett Private Credit Fund,2026-03-31,1491403000,819384000,,710768000
0002008748,Lord Abbett Private Credit Fund,2025-12-31,1453754000,925707000,,797050000
0002008748,Lord Abbett Private Credit Fund,2025-09-30,,561476000,,797050000
0002008748,Lord Abbett Private Credit Fund,2025-06-30,,538411000,,
0002011498,AGL PRIVATE CREDIT INCOME FUND,2026-03-31,1316257000,784740000,531517000,718454000
0002011498,AGL PRIVATE CREDIT INCOME FUND,2025-12-31,1425995000,893042000,532953000,863239000
0002011498,AGL PRIVATE CREDIT INCOME FUND,2025-09-30,1179014000,676892000,502122000,648630000
0002011498,AGL PRIVATE CREDIT INCOME FUND,2025-06-30,912763000,542297000,370466000,524600000
0002012139,Fortress Private Lending Fund,2026-03-31,1764592000,744462000,1020130000,705690000
0002012139,Fortress Private Lending Fund,2025-12-31,1611097000,751242000,859855000,647597000
0002012139,Fortress Private Lending Fund,2025-09-30,1060974000,296620000,764354000,246631000
0002012139,Fortress Private Lending Fund,2025-06-30,346971000,345967000,1004000,309573000
0002012839,KKR Enhanced US Direct Lending Fund-L Inc.,2026-03-31,1370200000,664596000,705604000,
0002012839,KKR Enhanced US Direct Lending Fund-L Inc.,2025-12-31,1455703000,747551000,708152000,
0002012839,KKR Enhanced US Direct Lending Fund-L Inc.,2025-09-30,1096212000,521911000,574301000,
0002012839,KKR Enhanced US Direct Lending Fund-L Inc.,2025-06-30,1015583000,505991000,509592000,
0002017636,"CCS IX PORTFOLIO HOLDINGS, LLC",2026-03-31,1276454000,754192000,522262000,
0002017636,"CCS IX PORTFOLIO HOLDINGS, LLC",2025-12-31,1006162000,636656000,369506000,
0002017636,"CCS IX PORTFOLIO HOLDINGS, LLC",2025-09-30,958276000,583151000,375125000,
0002017636,"CCS IX PORTFOLIO HOLDINGS, LLC",2025-06-30,636944000,345849000,291095000,
0002018545,FRANKLIN BSP REAL ESTATE DEBT BDC,2025-06-30,1314152000,762748000,551293000,
0002020354,West Bay BDC LLC,2026-03-31,509612000,255895000,253717000,254000000
0002020354,West Bay BDC LLC,2025-12-31,454769000,249699000,205070000,244000000
0002020354,West Bay BDC LLC,2025-09-30,302657000,169720000,132937000,168000000
0002020354,West Bay BDC LLC,2025-06-30,209786000,123743000,86043000,122500000
0002025369,Third Point Private Capital Partners,2026-03-31,3380175,3355175,25000,
0002025369,Third Point Private Capital Partners,2025-12-31,2523786,2498786,25000,
0002027033,Eagle Point Trinity Senior Secured Lending Co,2026-03-31,133741000,72044000,61697000,68000000
0002027033,Eagle Point Trinity Senior Secured Lending Co,2025-12-31,126773000,65174000,61599000,61700000
0002027033,Eagle Point Trinity Senior Secured Lending Co,2025-09-30,120366000,59511000,60855000,56700000
0002028686,SL Investment Fund II LLC,2026-03-31,682779000,350926000,331853000,340500000
0002028686,SL Investment Fund II LLC,2025-12-31,608974000,294989000,313985000,285500000
0002028686,SL Investment Fund II LLC,2025-09-30,479070000,193883000,285187000,185500000
0002028686,SL Investment Fund II LLC,2025-06-30,426326000,171000000,255326000,163500000
0002031283,Stone Point Credit Income Fund,2026-03-31,749489458,408800454,340689004,
0002031283,Stone Point Credit Income Fund,2025-12-31,636196461,355997842,280198619,
0002031283,Stone Point Credit Income Fund,2025-09-30,447230022,233250652,213979370,
0002031283,Stone Point Credit Income Fund,2025-06-30,367024875,206344314,160680561,
0002031750,Ares Core Infrastructure Fund,2026-03-31,4365604000,1235607000,3129997000,
0002031750,Ares Core Infrastructure Fund,2025-12-31,3455029000,1360444000,2094585000,
0002031750,Ares Core Infrastructure Fund,2025-09-30,1967391000,518216000,1449175000,
0002031750,Ares Core Infrastructure Fund,2025-06-30,1166746000,351683000,815063000,
0002033362,"Audax Private Credit Fund, LLC",2026-03-31,1087412539,571316487,516096052,
0002033362,"Audax Private Credit Fund, LLC",2025-12-31,989762468,527794521,461967947,
0002033362,"Audax Private Credit Fund, LLC",2025-09-30,796409715,377752016,418657699,
0002033362,"Audax Private Credit Fund, LLC",2025-06-30,717547463,341953106,375594357,
0002033382,SILVER POINT PRIVATE CREDIT FUND,2026-03-31,673140601,258986779,414153822,248192003
0002033382,SILVER POINT PRIVATE CREDIT FUND,2025-12-31,356453564,146970019,209483545,94300000
0002035713,"Crestline Lending Solutions, LLC",2026-03-31,530211000,189328000,340883000,156779000
0002035713,"Crestline Lending Solutions, LLC",2025-12-31,500131000,159519000,340612000,142902000
0002035713,"Crestline Lending Solutions, LLC",2025-09-30,380157000,36080000,344077000,
0002037804,New Mountain Private Credit Fund,2026-03-31,2083575000,1122599000,960976000,1043526000
0002037804,New Mountain Private Credit Fund,2025-12-31,2125116000,1110119000,1014997000,1065139000
0002037804,New Mountain Private Credit Fund,2025-09-30,1684344000,656184000,1028160000,602539000
0002037804,New Mountain Private Credit Fund,2025-06-30,1598432000,581702000,1016730000,526988000
0002041841,Lord Abbett Private Credit Fund S,2026-03-31,401666000,216495000,185171000,
0002041841,Lord Abbett Private Credit Fund S,2025-12-31,339577000,212157000,127420000,
0002041841,Lord Abbett Private Credit Fund S,2025-09-30,,141346000,,
0002041841,Lord Abbett Private Credit Fund S,2025-06-30,,130031000,,
0002043133,TCW Steel City Senior Lending BDC,2026-03-31,819384000,575381000,244003000,
0002043133,TCW Steel City Senior Lending BDC,2025-12-31,727987000,609263000,118724000,
0002043759,LAGO Evergreen Credit,2026-03-31,192837700,59073097,133764603,41365
0002043759,LAGO Evergreen Credit,2025-12-31,190881044,71753841,119127203,
0002043759,LAGO Evergreen Credit,2025-09-30,143501995,45546670,97955325,
0002043759,LAGO Evergreen Credit,2025-06-30,111884013,26638335,85245678,
0002045370,REMORA CAPITAL CORPORATION,2026-03-31,263654000,66866000,193461000,55782000
0002045370,REMORA CAPITAL CORPORATION,2025-12-31,269391000,89007000,177057000,75036000
0002045370,REMORA CAPITAL CORPORATION,2025-09-30,246830000,80521000,162982000,77189000
0002049733,Blackstone Private Real Estate Credit and Income Fund,2026-03-31,2008624000,1090938000,917686000,1079724000
0002049733,Blackstone Private Real Estate Credit and Income Fund,2025-12-31,1577780000,831415000,746365000,817510000
0002049733,Blackstone Private Real Estate Credit and Income Fund,2025-09-30,821609000,418075000,403534000,383148000
0002049733,Blackstone Private Real Estate Credit and Income Fund,2025-06-30,510067000,288246000,221821000,
0002052152,Apollo Origination II (Levered) Capital Trust,2026-03-31,1552028000,769919000,782109000,757222000
0002052152,Apollo Origination II (Levered) Capital Trust,2025-12-31,1541762000,824156000,717606000,811249000
0002052152,Apollo Origination II (Levered) Capital Trust,2025-09-30,1325113000,692934000,632179000,679076000
0002052152,Apollo Origination II (Levered) Capital Trust,2025-06-30,1218151000,629733000,588418000,616705000
0002052153,Apollo Origination II (UL) Capital Trust,2026-03-31,694854000,1795000,693059000,
0002052153,Apollo Origination II (UL) Capital Trust,2025-12-31,674784000,1840000,672944000,
0002052153,Apollo Origination II (UL) Capital Trust,2025-09-30,590707000,2369000,588338000,
0002052153,Apollo Origination II (UL) Capital Trust,2025-06-30,522470000,2203000,520267000,
0002061174,Sound Point Direct Lending BDC,2026-03-31,236241000,149758000,86483000,
0002061174,Sound Point Direct Lending BDC,2025-12-31,155425000,68412000,87013000,
0002061670,MONROE CAPITAL ENHANCED CORPORATE LENDING FUND,2026-03-31,221332000,117871000,103461000,111321000
0002061670,MONROE CAPITAL ENHANCED CORPORATE LENDING FUND,2025-12-31,202079000,100762000,101317000,97068000
0002065397,ANTARES STRATEGIC CREDIT FUND II LLC,2026-03-31,163868000,88841000,75027000,83662000
0002065397,ANTARES STRATEGIC CREDIT FUND II LLC,2025-12-31,158194000,89662000,68532000,81416000
0002065397,ANTARES STRATEGIC CREDIT FUND II LLC,2025-09-30,114702000,63680000,51022000,60608000
0002065397,ANTARES STRATEGIC CREDIT FUND II LLC,2025-06-30,,,25000,
0002066811,TCW SPECIALTY LENDING LLC,2026-03-31,1000,,,
0002071136,Nuveen Churchill BDC V,2025-12-31,824311000,487009000,337302000,468500000
0002071136,Nuveen Churchill BDC V,2025-09-30,828705000,520737000,307968000,508000000
0002077250,Stone Point Credit Income Fund - Select,2026-03-31,770609,769609,1000,
0002077250,Stone Point Credit Income Fund - Select,2025-12-31,589050,588050,1000,
0002077250,Stone Point Credit Income Fund - Select,2025-09-30,384775,383775,1000,
0002082557,Golub Capital Private Income Fund S,2026-03-31,263809000,151193000,112616000,143398000
0002082557,Golub Capital Private Income Fund S,2025-12-31,250281000,143443000,106838000,
0002082557,Golub Capital Private Income Fund S,2025-09-30,,,10000,
0002082559,Golub Capital Private Income Fund I,2026-03-31,432169000,234496000,197673000,222167000
0002082559,Golub Capital Private Income Fund I,2025-12-31,374242000,203185000,171057000,170472000
0002082559,Golub Capital Private Income Fund I,2025-09-30,,,10000,
0002083477,"APS BDC, LLC",2026-03-31,2017331014,600102353,,
0002089126,PENNANTPARK PRIVATE INCOME FUND,2026-03-31,168344000,57282000,111062000,
0002089126,PENNANTPARK PRIVATE INCOME FUND,2025-12-31,138756000,65194000,73562000,
0002089126,PENNANTPARK PRIVATE INCOME FUND,2025-09-30,20000000,0,20000000,0
